SALE TYPE,SOLD DATE,PROPERTY TYPE,ADDRESS,CITY,STATE OR PROVINCE,ZIP OR POSTAL CODE,PRICE,BEDS,BATHS,LOCATION,SQUARE FEET,LOT SIZE,YEAR BUILT,DAYS ON MARKET,$/SQUARE FEET,HOA/MONTH,STATUS,NEXT OPEN HOUSE START TIME,NEXT OPEN HOUSE END TIME,URL (SEE http://www.redfin.com/buy-a-home/comparative-market-analysis FOR INFO ON PRICING),SOURCE,MLS#,FAVORITE,INTERESTED,LATITUDE,LONGITUDE
PAST SALE,October-8-2019,Single Family Residential,3115 191st Pl SE,Bothell,WA,98012,787000,5,2.5,Bothell,3004,4792,2015,118,262,45,Sold,,,http://www.redfin.com/WA/Bothell/3115-191st-Pl-SE-98012/home/105199389,NWMLS,1515522,N,Y,47.8239001,-122.1906266
PAST SALE,August-9-2019,Condo/Co-op,17929 33rd Ave SE #16,Bothell,WA,98012,720000,4,3.5,Mays Pond,2701,3599,2016,178,267,68,Sold,,,http://www.redfin.com/WA/Bothell/17929-33rd-Ave-SE-98012/unit-16/home/106203409,NWMLS,1480264,N,Y,47.8349181,-122.1880482
PAST SALE,,Single Family Residential,2814 Stafford Way,Bothell,WA,98012,520000,3,1.0,,1506,9583,1968,,345,,,,,http://www.redfin.com/WA/Bothell/2814-Stafford-Way-98012/home/2750283,,,N,Y,47.8227137,-122.1948382
PAST SALE,November-20-2019,Single Family Residential,3307 200th Pl SE,Bothell,WA,98012,570000,3,2.5,Thrashers Corner,1698,5227,1996,75,336,45,Sold,,,http://www.redfin.com/WA/Bothell/3307-200th-Pl-SE-98012/home/2851317,NWMLS,1508926,N,Y,47.8162382,-122.1885038
PAST SALE,August-23-2019,Single Family Residential,17120 16th Ave SE,Bothell,WA,98012,725000,4,2.5,Mill Creek,2859,8712,2001,164,254,47,Sold,,,http://www.redfin.com/WA/Bothell/17120-16th-Ave-SE-98012/home/2882476,NWMLS,1496977,N,Y,47.8421675,-122.2115799
PAST SALE,August-7-2019,Single Family Residential,2416 243rd Pl SE,Bothell,WA,98021,665000,3,2.5,Bothell,2112,9583,1985,180,315,,Sold,,,http://www.redfin.com/WA/Bothell/2416-243rd-Pl-SE-98021/home/2806354,NWMLS,1460430,N,Y,47.7766354,-122.1996877
PAST SALE,November-18-2019,Single Family Residential,22703 14th Pl W,Bothell,WA,98021,495000,3,2.0,Bothell,1248,6534,1984,77,397,,Sold,,,http://www.redfin.com/WA/Bothell/22703-14th-Pl-W-98021/home/2802931,NWMLS,1515617,N,Y,47.7923973,-122.252203
PAST SALE,September-20-2019,Condo/Co-op,15300 112th Ave NE Unit B104,Bothell,WA,98011,260000,1,1.0,Norway Hill,740,146021,1999,136,351,281,Sold,,,http://www.redfin.com/WA/Bothell/15300-112th-Ave-NE-98011/unit-B104/home/8188758,NWMLS,1444362,N,Y,47.7394231,-122.1907686
PAST SALE,August-22-2019,Single Family Residential,22923 41st Dr SE,Bothell,WA,98021,625000,4,2.5,Bothell,2169,3920,2011,165,288,34,Sold,,,http://www.redfin.com/WA/Bothell/22923-41st-Dr-SE-98021/home/40602795,NWMLS,1488560,N,Y,47.7893198,-122.1771735
PAST SALE,October-2-2019,Single Family Residential,3908 174th St SE,Bothell,WA,98012,778000,4,2.25,Mill Creek,2565,3650,2016,124,303,56,Sold,,,http://www.redfin.com/WA/Bothell/3908-174th-St-SE-98012/unit-10/home/103636607,NWMLS,1511194,N,Y,47.839627,-122.179702
PAST SALE,November-6-2019,Townhouse,2115 201st Pl SE Unit D5,Bothell,WA,98012,440000,3,2.75,Thrashers Corner,1743,,2007,89,252,171,Sold,,,http://www.redfin.com/WA/Bothell/2115-201st-Pl-SE-98012/unit-D5/home/21500264,NWMLS,1513902,N,Y,47.8165122,-122.2049606
PAST SALE,October-30-2019,Single Family Residential,16212 5th Ave SE,Bothell,WA,98012,719950,4,2.75,Mill Creek,2678,4792,2016,96,269,42,Sold,,,http://www.redfin.com/WA/Bothell/16212-5th-Ave-SE-98012/home/86131178,NWMLS,1517357,N,Y,47.8509889,-122.2248366
PAST SALE,October-4-2019,Single Family Residential,18103 34th Dr SE,Bothell,WA,98012,700000,4,2.5,Bothell,2698,4792,2014,122,259,60,Sold,,,http://www.redfin.com/WA/Bothell/18103-34th-Dr-SE-98012/home/55518863,NWMLS,1466001,N,Y,47.8338933,-122.1861587
PAST SALE,December-6-2019,Condo/Co-op,1728 201st Pl SE Unit 2-B,Bothell,WA,98012,275000,2,1.5,Bothell,862,222320,1988,59,319,363,Sold,,,http://www.redfin.com/WA/Bothell/1728-201st-Pl-SE-98012/unit-2-B/home/2825471,NWMLS,1533731,N,Y,47.8150539,-122.2089447
PAST SALE,October-9-2019,Single Family Residential,614 182nd St SE,Bothell,WA,98012,646995,4,2.5,Bothell,2277,4792,2013,117,284,,Sold,,,http://www.redfin.com/WA/Bothell/614-182nd-St-SE-98012/home/50250126,NWMLS,1433223,N,Y,47.8326466,-122.223598
PAST SALE,August-29-2019,Single Family Residential,3828 207th Pl SE,Bothell,WA,98021,850000,4,2.5,Canyon Park,3194,8276,2004,158,266,21,Sold,,,http://www.redfin.com/WA/Bothell/3828-207th-Pl-SE-98021/home/2907149,NWMLS,1434924,N,Y,47.8094211,-122.1810702
PAST SALE,October-9-2019,Single Family Residential,1921 169th Pl SE,Bothell,WA,98012,459950,3,1.5,Mays Pond,1300,9148,1979,117,354,,Sold,,,http://www.redfin.com/WA/Bothell/1921-169th-Pl-SE-98012/home/2787550,NWMLS,1510773,N,Y,47.8443254,-122.2062027
PAST SALE,November-27-2019,Condo/Co-op,9926 NE 144th Ln #306,Kirkland,WA,98034,357000,3,2.0,Finn Hill,1218,,1980,68,293,321,Sold,,,http://www.redfin.com/WA/Kirkland/9926-NE-144th-Ln-98034/unit-306/home/169567374,NWMLS,1535133,N,Y,47.7327036,-122.2097239
PAST SALE,October-22-2019,Single Family Residential,16824 28th Dr SE,Bothell,WA,98012,540000,4,2.5,Bothell,2012,8276,1979,104,268,,Sold,,,http://www.redfin.com/WA/Bothell/16824-28th-Dr-SE-98012/home/2779794,NWMLS,1521221,N,Y,47.8449063,-122.194887
PAST SALE,September-6-2019,Single Family Residential,1825 234th Pl SW,Bothell,WA,98021,630000,4,2.25,Brier,2224,10454,1969,150,283,,Sold,,,http://www.redfin.com/WA/Bothell/1825-234th-Pl-SW-98021/home/2693778,NWMLS,1480871,N,Y,47.7859522,-122.2582332
PAST SALE,October-30-2019,Single Family Residential,22510 43rd Dr SE,Bothell,WA,98021,765000,4,2.5,Bothell,2591,3485,2016,96,295,60,Sold,,,http://www.redfin.com/WA/Bothell/22510-43rd-Dr-SE-98021/home/103924317,NWMLS,1495114,N,Y,47.7934727,-122.1753885
PAST SALE,October-15-2019,Single Family Residential,17124 42nd Dr SE,Bothell,WA,98012,707500,3,2.5,North Creek,2001,3485,2014,111,354,40,Sold,,,http://www.redfin.com/WA/Bothell/17124-42nd-Dr-SE-98012/home/57246924,NWMLS,1520794,N,Y,47.841937,-122.1760558
PAST SALE,October-17-2019,Single Family Residential,18133 46th Dr SE,Bothell,WA,98012,650000,4,2.5,Bothell,2347,3485,2013,109,277,40,Sold,,,http://www.redfin.com/WA/Bothell/18133-46th-Dr-SE-98012/home/54808788,NWMLS,1492972,N,Y,47.8327674,-122.1706855
PAST SALE,September-30-2019,Single Family Residential,1809 175th Pl SE,Bothell,WA,98012,585000,3,2.75,North Bothell,2217,10019,1978,126,264,,Sold,,,http://www.redfin.com/WA/Bothell/1809-175th-Pl-SE-98012/home/2778244,NWMLS,1499238,N,Y,47.8390222,-122.2080437
PAST SALE,November-8-2019,Single Family Residential,9917 NE 155th St,Bothell,WA,98011,935000,4,2.5,Norway Hill,2836,10212,1990,87,330,27,Sold,,,http://www.redfin.com/WA/Bothell/9917-NE-155th-St-98011/home/285119,NWMLS,1526438,N,Y,47.7405396,-122.2078282
PAST SALE,January-7-2020,Single Family Residential,4101 220th St SE,Bothell,WA,98021,899950,4,2.5,Bothell,3170,6970,2006,27,284,,Sold,,,http://www.redfin.com/WA/Bothell/4101-220th-St-SE-98021/home/11881169,NWMLS,1552954,N,Y,47.7982079,-122.1778105
PAST SALE,October-9-2019,Single Family Residential,12861 NE 197th Pl,Woodinville,WA,98072,749950,4,2.5,North Creek,2500,3799,2010,117,300,30,Sold,,,http://www.redfin.com/WA/Woodinville/12861-NE-197th-Pl-98072/home/22525475,NWMLS,1519983,N,Y,47.7704888,-122.1688518
PAST SALE,November-8-2019,Single Family Residential,1317 191st St SE,Bothell,WA,98012,565000,3,2.5,Bothell,2468,4792,2008,87,229,25,Sold,,,http://www.redfin.com/WA/Bothell/1317-191st-St-SE-98012/home/21501679,NWMLS,1526413,N,Y,47.8252443,-122.2149949
PAST SALE,November-22-2019,Single Family Residential,3907 168th Pl SE,Bothell,WA,98012,805000,4,2.5,Bothell,2583,6534,2015,73,312,48,Sold,,,http://www.redfin.com/WA/Bothell/3907-168th-Pl-SE-98012/home/63695752,NWMLS,1529397,N,Y,47.8452224,-122.1798216
PAST SALE,August-9-2019,Townhouse,18710 10th Ave SE,Bothell,WA,98012,574000,4,2.5,Bothell,2325,4000,2004,178,247,65,Sold,,,http://www.redfin.com/WA/Bothell/18710-10th-Ave-SE-98012/unit-13/home/2913285,NWMLS,1456965,N,Y,47.8281068,-122.2175461
PAST SALE,November-27-2019,Single Family Residential,804 218th St SE,Bothell,WA,98021,787500,5,2.75,Queensborough,2814,11761,2012,68,280,30,Sold,,,http://www.redfin.com/WA/Bothell/804-218th-St-SE-98021/home/45390732,NWMLS,1528907,N,Y,47.8000803,-122.2223849
PAST SALE,September-11-2019,Single Family Residential,1425 184th Pl SE,Bothell,WA,98012,733000,4,2.5,Bothell,2649,4791,2016,145,277,62,Sold,,,http://www.redfin.com/WA/Bothell/1425-184th-Pl-SE-98012/home/104313070,NWMLS,1503100,N,Y,47.8309703,-122.2132304
PAST SALE,November-20-2019,Single Family Residential,12811 NE 203rd Pl,Bothell,WA,98011,610000,4,2.5,North Creek,1990,7789,1987,75,307,,Sold,,,http://www.redfin.com/WA/Bothell/12811-NE-203rd-Pl-98011/home/287695,NWMLS,1543016,N,Y,47.7748605,-122.1702528
PAST SALE,October-11-2019,Single Family Residential,22405 5th Pl W,Bothell,WA,98021,787500,5,2.75,Canyon Park,3201,7405,2006,115,246,30,Sold,,,http://www.redfin.com/WA/Bothell/22405-5th-Pl-W-98021/home/11881379,NWMLS,1490124,N,Y,47.7948322,-122.2403437
PAST SALE,September-10-2019,Single Family Residential,3811 192nd Pl SE,Bothell,WA,98012,740000,4,2.5,Bothell,2453,3617,2016,146,302,75,Sold,,,http://www.redfin.com/WA/Bothell/3811-192nd-Pl-SE-98012/home/109018404,NWMLS,1494806,N,Y,47.823011,-122.181427
PAST SALE,January-10-2020,Townhouse,18910 Bothell Everett Hwy Unit D4,Bothell,WA,98012,279000,3,2.5,Bothell,1108,,1988,24,252,408,Sold,,,http://www.redfin.com/WA/Bothell/18910-Bothell-Everett-Hwy-98012/unit-D4/home/2826765,NWMLS,1537189,N,Y,47.8260856,-122.2084745
PAST SALE,September-6-2019,Single Family Residential,11113 NE 174th St,Bothell,WA,98011,1000000,3,2.5,Bothell,2300,14301,1983,150,435,,Sold,,,http://www.redfin.com/WA/Bothell/11113-NE-174th-St-98011/home/286750,NWMLS,1484649,N,Y,47.7539781,-122.1921798
PAST SALE,November-8-2019,Condo/Co-op,18930 Bothell Everett Hwy Unit E102,Bothell,WA,98012,274950,2,2.0,Bothell,925,552363,1998,87,297,384,Sold,,,http://www.redfin.com/WA/Bothell/18930-Bothell-Everett-Hwy-98012/unit-E102/home/12104312,NWMLS,1525534,N,Y,47.8252115,-122.2098446
PAST SALE,August-14-2019,Single Family Residential,20306 3rd Dr SE,Bothell,WA,98012,435000,3,2.5,Bothell,1637,4581,2011,173,266,75,Sold,,,http://www.redfin.com/WA/Bothell/20306-3rd-Dr-SE-98012/home/45390625,NWMLS,1467561,N,Y,47.8137541,-122.2274057
PAST SALE,January-17-2020,Single Family Residential,23703 Meridian Pl W,Bothell,WA,98021,570000,3,2.25,Bothell,1779,7841,1986,17,320,,Sold,,,http://www.redfin.com/WA/Bothell/23703-Meridian-Pl-W-98021/home/2807054,NWMLS,1507736,N,Y,47.7827039,-122.2332996
PAST SALE,September-25-2019,Single Family Residential,11716 NE 165th Pl,Bothell,WA,98011,645000,3,2.5,Queensgate,1790,6409,1987,131,360,16,Sold,,,http://www.redfin.com/WA/Bothell/11716-NE-165th-Pl-98011/home/456018,NWMLS,1502551,N,Y,47.7479632,-122.1842759
PAST SALE,December-20-2019,Single Family Residential,24118 2nd Pl W,Bothell,WA,98021,575000,3,1.75,Bothell,1728,10019,1959,45,333,,Sold,,,http://www.redfin.com/WA/Bothell/24118-2nd-Pl-W-98021/home/2706211,NWMLS,1535382,N,Y,47.7791064,-122.2366934
PAST SALE,October-24-2019,Single Family Residential,17907 32nd Dr SE #24,Bothell,WA,98012,729950,3,2.5,Mays Pond,2649,5079,2015,102,276,68,Sold,,,http://www.redfin.com/WA/Bothell/17907-32nd-Dr-SE-98012/unit-24/home/69060813,NWMLS,1517312,N,Y,47.8353604,-122.1886062
PAST SALE,October-30-2019,Single Family Residential,12226 NE 169th St,Bothell,WA,98011,590000,4,2.5,Cherry Hill,1770,7942,1994,96,333,10,Sold,,,http://www.redfin.com/WA/Bothell/12226-NE-169th-St-98011/home/454943,NWMLS,1498465,N,Y,47.7504097,-122.1764639
PAST SALE,September-4-2019,Single Family Residential,18023 30th Ave SE,Bothell,WA,98012,760000,4,2.5,Mill Creek,2817,3920,2009,152,270,55,Sold,,,http://www.redfin.com/WA/Bothell/18023-30th-Ave-SE-98012/home/17971264,NWMLS,1499251,N,Y,47.8340268,-122.191904
PAST SALE,September-10-2019,Single Family Residential,1924 171st Pl SE,Bothell,WA,98012,585000,4,2.75,Mays Pond,2082,54014,1979,146,281,,Sold,,,http://www.redfin.com/WA/Bothell/1924-171st-Pl-SE-98012/home/2783205,NWMLS,1508214,N,Y,47.8422673,-122.2060522
PAST SALE,December-17-2019,Single Family Residential,22915 41st Dr SE,Bothell,WA,98021,639950,4,2.5,Bothell,2047,4356,2011,48,313,34,Sold,,,http://www.redfin.com/WA/Bothell/22915-41st-Dr-SE-98021/home/40602794,NWMLS,1532105,N,Y,47.789559,-122.1771976
PAST SALE,August-20-2019,Single Family Residential,2732 181st Pl SE,Bothell,WA,98012,644900,3,2.5,Bothell,2162,4792,1999,167,298,20,Sold,,,http://www.redfin.com/WA/Bothell/2732-181st-Pl-SE-98012/home/2861995,NWMLS,1465782,N,Y,47.8330849,-122.1953223
PAST SALE,August-29-2019,Single Family Residential,23214 7th Dr SE,Bothell,WA,98021,1138990,5,3.25,Bothell,3868,7405,2018,158,294,123,Sold,,,http://www.redfin.com/WA/Bothell/23214-7th-Dr-SE-98021/home/161219219,NWMLS,1478133,N,Y,47.78728,-122.222207
PAST SALE,August-14-2019,Single Family Residential,17231 42nd Dr SE,Bothell,WA,98012,665000,4,2.5,Bothell,2220,3485,2015,173,300,55,Sold,,,http://www.redfin.com/WA/Bothell/17231-42nd-Dr-SE-98012/home/105199324,NWMLS,1484017,N,Y,47.8408312,-122.1755839
PAST SALE,November-7-2019,Single Family Residential,17302 31st Dr SE,Bothell,WA,98012,745000,4,2.5,Mill Creek,2781,6098,2001,88,268,25,Sold,,,http://www.redfin.com/WA/Bothell/17302-31st-Dr-SE-98012/home/2886503,NWMLS,1517779,N,Y,47.8407934,-122.1908727
PAST SALE,August-27-2019,Single Family Residential,11179 NE 162nd St,Bothell,WA,98011,775000,5,4.0,Norway Hill,2870,4198,2007,160,270,60,Sold,,,http://www.redfin.com/WA/Bothell/11179-NE-162nd-St-98011/home/12303095,NWMLS,1478456,N,Y,47.7448915,-122.1918907
PAST SALE,August-14-2019,Single Family Residential,18732 19th Dr SE,Bothell,WA,98012,450000,3,2.25,Bothell,1521,2178,1996,173,296,83,Sold,,,http://www.redfin.com/WA/Bothell/18732-19th-Dr-SE-98012/home/2843362,NWMLS,1487400,N,Y,47.827492,-122.207219
PAST SALE,September-19-2019,Single Family Residential,11004 NE 194th Dr,Bothell,WA,98011,1015000,4,3.25,Maywood Hills,3870,9584,2017,137,262,75,Sold,,,http://www.redfin.com/WA/Bothell/11004-NE-194th-Dr-98011/home/59703604,NWMLS,1501989,N,Y,47.7692299,-122.1938822
PAST SALE,August-19-2019,Single Family Residential,2928 183rd Pl SE,Bothell,WA,98012,624990,4,2.5,Bothell,1814,3049,2010,168,345,55,Sold,,,http://www.redfin.com/WA/Bothell/2928-183rd-Pl-SE-98012/home/39951702,NWMLS,1495447,N,Y,47.8310239,-122.1927146
PAST SALE,October-16-2019,Single Family Residential,17702 35th Dr SE #2021,Bothell,WA,98012,720000,4,2.5,Mays Pond,2220,3629,2015,110,324,57,Sold,,,http://www.redfin.com/WA/Bothell/17702-35th-Dr-SE-98012/unit-2021/home/59706607,NWMLS,1519266,N,Y,47.837195,-122.1853539
PAST SALE,December-9-2019,Single Family Residential,4026 166th St SE,Bothell,WA,98012,628000,4,2.5,Mill Creek,2545,8276,2007,56,247,,Sold,,,http://www.redfin.com/WA/Bothell/4026-166th-St-SE-98012/home/12490397,NWMLS,1457667,N,Y,47.8472624,-122.178308
PAST SALE,November-25-2019,Single Family Residential,19627 1st Ave SE,Bothell,WA,98012,512000,3,2.5,Bothell,1734,2419,2013,70,295,60,Sold,,,http://www.redfin.com/WA/Bothell/19627-1st-Ave-SE-98012/home/45390544,NWMLS,1519565,N,Y,47.8196053,-122.231058
PAST SALE,September-5-2019,Single Family Residential,314 182nd St SE,Bothell,WA,98012,805000,4,3.0,North Bothell,3130,4792,2017,151,257,20,Sold,,,http://www.redfin.com/WA/Bothell/314-182nd-St-SE-98012/home/143846873,NWMLS,1498530,N,Y,47.832917,-122.228484
PAST SALE,August-23-2019,Single Family Residential,410 169th St SE,Bothell,WA,98012,550000,3,2.25,Martha Lake,1488,9148,1981,164,370,,Sold,,,http://www.redfin.com/WA/Bothell/410-169th-St-SE-98012/home/2791272,NWMLS,1472879,N,Y,47.8443964,-122.2257135
PAST SALE,September-17-2019,Townhouse,18328 40th Ave SE,Bothell,WA,98208,605000,5,2.75,North Creek,2262,3462,2010,139,267,100,Sold,,,http://www.redfin.com/WA/Bothell/18328-40th-Ave-SE-98012/unit-104/home/22921489,NWMLS,1504331,N,Y,47.831438,-122.1793576
PAST SALE,August-27-2019,Single Family Residential,3917 168th Pl SE,Bothell,WA,98012,780000,4,2.5,Bothell,2558,5227,2015,160,305,48,Sold,,,http://www.redfin.com/WA/Bothell/3917-168th-Pl-SE-98012/home/62627271,NWMLS,1483912,N,Y,47.8451125,-122.1793577
PAST SALE,December-5-2019,Single Family Residential,18714 24th Ave SE,Bothell,WA,98012,636825,5,2.5,Bothell,2544,26136,1979,60,250,,Sold,,,http://www.redfin.com/WA/Bothell/18714-24th-Ave-SE-98012/home/2780724,NWMLS,1491951,N,Y,47.8279279,-122.2013627
PAST SALE,January-9-2020,Condo/Co-op,10831 NE 147th Ln Unit R105,Bothell,WA,98011,259500,1,1.0,Juanita,626,,1982,25,415,252,Sold,,,http://www.redfin.com/WA/Bothell/10831-NE-147th-Ln-98011/unit-R105/home/11761640,NWMLS,1500665,N,Y,47.7343461,-122.1947461
PAST SALE,December-3-2019,Single Family Residential,11308 NE 149th St,Kirkland,WA,98034,665000,3,2.0,Kirkland,1557,7875,1967,62,427,,Sold,,,http://www.redfin.com/WA/Kirkland/11308-NE-149th-St-98034/home/457278,NWMLS,1536827,N,Y,47.7364824,-122.1906761
PAST SALE,November-26-2019,Single Family Residential,18613 10th Ave SE,Bothell,WA,98012,610000,4,2.75,North Creek,2406,4000,2004,69,254,,Sold,,,http://www.redfin.com/WA/Bothell/18613-10th-Ave-SE-98012/home/2913303,NWMLS,1514527,N,Y,47.8289578,-122.2183589
PAST SALE,August-30-2019,Mobile/Manufactured Home,17315 Woodcrest Dr NE,Bothell,WA,98011,315000,3,1.75,Bothell,1332,5509,1984,157,236,150,Sold,,,http://www.redfin.com/WA/Bothell/17315-Woodcrest-Dr-NE-98011/home/55554422,NWMLS,1477920,N,Y,47.7538012,-122.1838705
PAST SALE,September-19-2019,Single Family Residential,15004 110th Ave NE,Bothell,WA,98011,540000,3,1.0,Bothell,1160,8500,1976,137,466,,Sold,,,http://www.redfin.com/WA/Bothell/15004-110th-Ave-NE-98011/home/457022,NWMLS,1497982,N,Y,47.7367045,-122.1940723
PAST SALE,October-7-2019,Condo/Co-op,10816 NE 147th Ln Unit L103,Bothell,WA,98011,260000,1,1.0,Juanita,626,374551,1982,119,415,252,Sold,,,http://www.redfin.com/WA/Bothell/10816-NE-147th-Ln-98011/unit-L103/home/12305007,NWMLS,1514755,N,Y,47.7348064,-122.1960654
PAST SALE,,Single Family Residential,19403 Meridian Ave S,Bothell,WA,98012,710000,4,2.75,,2557,3429,2016,,278,,,,,http://www.redfin.com/WA/Bothell/19403-Meridian-Ave-S-98012/home/109593254,,,N,Y,47.8220249,-122.2325382
PAST SALE,August-23-2019,Single Family Residential,15221 92nd Pl NE,Bothell,WA,98011,975000,4,2.5,Inglewood/Inglemoor,2720,7495,1989,164,358,,Sold,,,http://www.redfin.com/WA/Bothell/15221-92nd-Pl-NE-98011/home/284633,NWMLS,1473548,N,Y,47.7391327,-122.2179215
PAST SALE,December-16-2019,Single Family Residential,2517 186th Pl SE,Bothell,WA,98012,532500,3,2.5,Bothell,2639,11761,1979,49,202,,Sold,,,http://www.redfin.com/WA/Bothell/2517-186th-Pl-SE-98012/home/2780741,NWMLS,1494530,N,Y,47.82903,-122.1986677
PAST SALE,November-25-2019,Condo/Co-op,2201 192nd St SE Unit Y102,Bothell,WA,98012,375000,3,1.75,Bothell,1336,379380,1999,70,281,395,Sold,,,http://www.redfin.com/WA/Bothell/2201-192nd-St-SE-98012/unit-Y102/home/2866615,NWMLS,1522917,N,Y,47.8253977,-122.20303
PAST SALE,November-4-2019,Single Family Residential,332 161st Pl SE,Bothell,WA,98012,421000,3,2.0,Mill Creek,1056,9583,1984,91,399,,Sold,,,http://www.redfin.com/WA/Bothell/332-161st-Pl-SE-98012/home/2799984,NWMLS,1521650,N,Y,47.8514009,-122.2264009
PAST SALE,November-8-2019,Single Family Residential,610 197th St SE,Bothell,WA,98012,549950,4,2.5,Bothell,1723,5775,2011,87,319,25,Sold,,,http://www.redfin.com/WA/Bothell/610-197th-St-SE-98012/home/35614597,NWMLS,1520938,N,Y,47.819615,-122.2236324
PAST SALE,November-22-2019,Condo/Co-op,2201 192nd St SE Unit Q203,Bothell,WA,98012,308000,2,1.75,Bothell,923,379380,1999,73,334,248,Sold,,,http://www.redfin.com/WA/Bothell/2201-192nd-St-SE-98012/unit-Q203/home/2866569,NWMLS,1530251,N,Y,47.8253977,-122.20303
PAST SALE,,Single Family Residential,19112 14th Dr SE,Bothell,WA,98012,600000,4,2.5,,3201,4356,2008,,187,,,,,http://www.redfin.com/WA/Bothell/19112-14th-Dr-SE-98012/home/21501673,,,N,Y,47.824813,-122.2136307
PAST SALE,November-19-2019,Single Family Residential,19804 35th Dr SE,Bothell,WA,98012,720000,4,2.5,Bothell,2395,3920,2015,76,301,85,Sold,,,http://www.redfin.com/WA/Bothell/19804-35th-Dr-SE-98012/home/105199332,NWMLS,1529835,N,Y,47.8180249,-122.1856186
PAST SALE,August-30-2019,Condo/Co-op,17302 14th Dr SE #30,Bothell,WA,98012,515000,4,2.5,Mill Creek,2125,4912,2010,157,242,33,Sold,,,http://www.redfin.com/WA/Bothell/17302-14th-Dr-SE-98012/unit-30/home/11884221,NWMLS,1476820,N,Y,47.8409485,-122.2131079
PAST SALE,December-12-2019,Townhouse,17905 35th Ave SE Unit C3,Bothell,WA,98012,529950,4,3.25,Bothell,2061,1500,2019,53,257,145,Sold,,,http://www.redfin.com/WA/Bothell/17905-35th-Ave-SE-98012/unit-C3/home/167186912,NWMLS,1487129,N,Y,47.8353489,-122.1856604
PAST SALE,,Condo/Co-op,9515 NE 180th St Unit C301,Bothell,WA,98011,285000,2,1.0,,900,,1979,,317,,,,,http://www.redfin.com/WA/Bothell/9515-NE-180th-St-98011/unit-C301/home/5984,,,N,Y,47.7573885,-122.2130107
PAST SALE,October-17-2019,Single Family Residential,16003 Meridian Ave S,Bothell,WA,98012,720000,4,3.5,Martha Lake,3560,4255,2016,109,202,67,Sold,,,http://www.redfin.com/WA/Bothell/16003-Meridian-Ave-S-98012/home/102886502,NWMLS,1509181,N,Y,47.8531814,-122.2333923
PAST SALE,December-2-2019,Mobile/Manufactured Home,23907 Rock Cir,Bothell,WA,98021,325000,2,2.0,Bothell,1824,5663,1977,63,178,122,Sold,,,http://www.redfin.com/WA/Bothell/23907-Rock-Cir-98021/home/2776769,NWMLS,1540019,N,Y,47.7813602,-122.2440093
PAST SALE,November-22-2019,Townhouse,23704 5th (Lot #40) Ave SE Unit C,Bothell,WA,98021,697438,4,3.0,Canyon Park,2247,1000,2019,73,310,150,Sold,,,http://www.redfin.com/WA/Bothell/5th-Ave-SE-98021/unit-C/home/169426284,NWMLS,1416737,N,Y,47.785,-122.2399
PAST SALE,,Condo/Co-op,10709 Valley View Rd Unit B201,Bothell,WA,98011,361000,3,2.0,,1158,,2003,,312,,,,,http://www.redfin.com/WA/Bothell/10709-Valley-View-Rd-98011/unit-B201/home/12306556,,,N,Y,47.7587453,-122.1974995
PAST SALE,November-21-2019,Single Family Residential,21814 4th Ave SE,Bothell,WA,98021,585000,3,2.25,Bothell,1816,13504,1984,74,322,,Sold,,,http://www.redfin.com/WA/Bothell/21814-4th-Ave-SE-98021/home/2784313,NWMLS,1526800,N,Y,47.7998965,-122.2255716
PAST SALE,November-20-2019,Townhouse,23908 Bothell Everett Hwy Unit C2,Bothell,WA,98021,374000,2,2.5,Canyon Park,1252,,1996,75,299,397,Sold,,,http://www.redfin.com/WA/Bothell/23908-Bothell-Everett-Hwy-98021/unit-C2/home/2853181,NWMLS,1504572,N,Y,47.7809614,-122.2217157
PAST SALE,January-22-2020,Single Family Residential,20119 126th Ave NE,Bothell,WA,98011,1064500,6,3.75,Woodinville,4231,9760,2015,12,252,40,Sold,,,http://www.redfin.com/WA/Bothell/20119-126th-Ave-NE-98011/home/55551230,NWMLS,1492902,N,Y,47.773084,-122.1732212
PAST SALE,August-22-2019,Townhouse,16416 1st Park SE,Bothell,WA,98012,470000,2,2.5,Mill Creek,1852,2178,2008,165,254,155,Sold,,,http://www.redfin.com/WA/Bothell/16416-1st-Park-SE-98012/home/21499914,NWMLS,1467312,N,Y,47.848609,-122.23045
PAST SALE,,Single Family Residential,20707 Richmond Rd,Bothell,WA,98012,600000,2,1.0,,1500,15246,1949,,400,,,,,http://www.redfin.com/WA/Bothell/20707-Richmond-Rd-98012/home/2648524,,,N,Y,47.8100438,-122.2277198
PAST SALE,September-23-2019,Single Family Residential,201 202nd St SE,Bothell,WA,98012,590000,4,2.5,Thrashers Corner,2114,4792,2002,133,279,14,Sold,,,http://www.redfin.com/WA/Bothell/201-202nd-St-SE-98012/home/2893107,NWMLS,1495988,N,Y,47.8147168,-122.2292524
PAST SALE,November-13-2019,Mobile/Manufactured Home,10515 Woodinville Dr NE #79,Bothell,WA,98011,35000,1,1.0,Sammamish River,840,,1967,82,42,,Sold,,,http://www.redfin.com/WA/Bothell/10515-Woodinville-Dr-98011/unit-79/home/169134447,NWMLS,1521473,N,Y,47.7580768,-122.1996656
PAST SALE,September-30-2019,Single Family Residential,18615 130th Pl NE,Woodinville,WA,98072,885000,4,2.5,Woodinville,3239,8171,2004,126,273,20,Sold,,,http://www.redfin.com/WA/Woodinville/18615-130th-Pl-NE-98072/home/2081282,NWMLS,1514890,N,Y,47.7629205,-122.1660892
PAST SALE,November-22-2019,Townhouse,18319 96th Dr NE Unit C,Bothell,WA,98011,678800,3,2.5,Downtown Bothell,1537,,2019,73,442,153,Sold,,,http://www.redfin.com/WA/Bothell/18319-96th-Ct-NE-98011/unit-C/home/167559872,NWMLS,1491846,N,Y,47.7491537,-122.2125557
PAST SALE,November-14-2019,Townhouse,2201 192nd St SE Unit X201,Bothell,WA,98012,347500,3,1.75,Bothell,1478,379380,1999,81,235,395,Sold,,,http://www.redfin.com/WA/Bothell/2201-192nd-St-SE-98012/unit-X201/home/2866606,NWMLS,1485484,N,Y,47.8253977,-122.20303
PAST SALE,November-27-2019,Condo/Co-op,10837 NE 148th Ln Unit D-1,Bothell,WA,98011,266900,1,1.0,Juanita,652,374551,1982,68,409,263,Sold,,,http://www.redfin.com/WA/Bothell/10837-NE-148th-Ln-98011/unit-D1/home/167719601,NWMLS,1521269,N,Y,47.7349378,-122.1949244
PAST SALE,October-18-2019,Condo/Co-op,15805 Waynita Way NE Unit D107,Bothell,WA,98011,282000,2,1.75,Bothell,907,961258,1988,108,311,343,Sold,,,http://www.redfin.com/WA/Bothell/15805-Waynita-Way-NE-98011/unit-D107/home/2691,NWMLS,1476741,N,Y,47.7425774,-122.2127836
PAST SALE,November-6-2019,Single Family Residential,20207 96th Ave NE,Bothell,WA,98011,800000,3,2.0,Maywood Hills,2330,10164,2002,89,343,,Sold,,,http://www.redfin.com/WA/Bothell/20207-96th-Ave-NE-98011/home/287006,NWMLS,1524788,N,Y,47.7751065,-122.2130522
PAST SALE,November-22-2019,Townhouse,2111 186th Pl SE,Bothell,WA,98012,347970,2,2.5,Bothell,1308,3920,1987,73,266,,Sold,,,http://www.redfin.com/WA/Bothell/2111-186th-Pl-SE-98012/home/2811364,NWMLS,1534369,N,Y,47.829103,-122.204225
PAST SALE,November-22-2019,Townhouse,1526 192nd St SE Unit P-2,Bothell,WA,98012,300000,2,1.5,Canyon Park,936,,1987,73,321,288,Sold,,,http://www.redfin.com/WA/Bothell/1526-192nd-St-SE-98012/unit-P2/home/2833528,NWMLS,1525767,N,Y,47.8233522,-122.210436
PAST SALE,November-22-2019,Single Family Residential,21610 39th Dr SE,Bothell,WA,98021,782100,4,2.5,Canyon Park,3278,6098,2006,73,239,42,Sold,,,http://www.redfin.com/WA/Bothell/21610-39th-Dr-SE-98021/home/11881361,NWMLS,1513555,N,Y,47.8014929,-122.180479
PAST SALE,November-22-2019,Single Family Residential,3614 183rd Ln SE,Bothell,WA,98012,570000,5,2.5,Mill Creek,2289,2409,2010,73,249,107,Sold,,,http://www.redfin.com/WA/Bothell/3614-183rd-Ln-SE-98012/home/12176332,NWMLS,1506955,N,Y,47.831146,-122.1840961
PAST SALE,August-28-2019,Single Family Residential,20106 84th Pl NE,Bothell,WA,98011,645000,4,2.5,Bothell,2540,5561,2006,159,254,34,Sold,,,http://www.redfin.com/WA/Bothell/20106-84th-Pl-NE-98011/home/8186503,NWMLS,1451154,N,Y,47.7732193,-122.2270053
PAST SALE,December-6-2019,Single Family Residential,17518 39th Ave SE,Bothell,WA,98012,715750,3,2.5,Bothell,2194,3200,2017,59,326,55,Sold,,,http://www.redfin.com/WA/Bothell/17518-39th-Ave-SE-98012/home/108522325,NWMLS,1536540,N,Y,47.8385946,-122.1800608
PAST SALE,December-6-2019,Condo/Co-op,15300 112th Ave NE Unit B203,Bothell,WA,98011,267000,1,1.0,Bothell,740,,1999,59,361,281,Sold,,,http://www.redfin.com/WA/Bothell/15300-112th-Ave-NE-98011/unit-B203/home/22685040,NWMLS,1536572,N,Y,47.7394231,-122.1907686
PAST SALE,December-26-2019,Single Family Residential,22413 44th (Homesite South 3) Dr SE,Bothell,WA,98021,840000,5,3.5,Canyon Park,2710,3800,2019,39,310,102,Sold,,,http://www.redfin.com/WA/Bothell/22413-3rd-Dr-SE-98021/home/167104272,NWMLS,1537946,N,Y,47.793938,-122.173678
PAST SALE,December-27-2019,Single Family Residential,16720 34th Ave SE Unit CC 16,Bothell,WA,98012,699950,4,3.25,Mill Creek,2337,2941,2019,38,300,63,Sold,,,http://www.redfin.com/WA/Bothell/16720-34th-Ave-SE-98012/unit-CC-16/home/169439478,NWMLS,1529739,N,Y,47.84568524067246,-122.18735875042869
PAST SALE,December-27-2019,Single Family Residential,16716 34th Ave SE Unit CC 15,Bothell,WA,98012,699950,4,3.25,Mill Creek,2337,3021,2019,38,300,63,Sold,,,http://www.redfin.com/WA/Bothell/16716-34th-Ave-SE-98012/unit-CC-15/home/169428746,NWMLS,1517542,N,Y,47.8323818,-122.1868133
PAST SALE,December-27-2019,Single Family Residential,22231 43rd (Homesite North 17) Dr SE,Bothell,WA,98021,828900,4,2.75,Canyon Park,2425,3174,2019,38,342,102,Sold,,,http://www.redfin.com/WA/Bothell/22231-43rd-Homesite-North-17-DR-SE-98021/home/167961951,NWMLS,1497340,N,Y,47.796406,-122.173397
PAST SALE,November-21-2019,Single Family Residential,22417 44th (Homesite South 4) Dr SE,Bothell,WA,98021,814900,5,2.75,Canyon Park,2582,3652,2019,74,316,102,Sold,,,http://www.redfin.com/WA/Bothell/22417-4th-Dr-SE-98021/home/167171041,NWMLS,1484666,N,Y,47.793938,-122.173678
PAST SALE,January-14-2020,Single Family Residential,17 232nd Pl S #3,Bothell,WA,98021,1167479,4,3.0,Bothell,3181,7194,2019,20,367,107,Sold,,,http://www.redfin.com/WA/Bothell/17-232nd-Pl-SW-98021/unit-3/home/147404707,NWMLS,1351535,N,Y,47.7875393,-122.2336465
PAST SALE,December-20-2019,Single Family Residential,3013 213th St SE,Bothell,WA,98021,875000,4,2.5,Bothell,2611,7405,1998,45,335,22,Sold,,,http://www.redfin.com/WA/Bothell/3013-213th-St-SE-98021/home/2847590,NWMLS,1537980,N,Y,47.8052904,-122.19234
PAST SALE,December-19-2019,Condo/Co-op,10824 NE 147th Ln Unit K204,Bothell,WA,98011,320750,2,2.0,Juanita,819,,1982,46,392,330,Sold,,,http://www.redfin.com/WA/Bothell/10824-NE-147th-Ln-98011/unit-K204/home/12305844,NWMLS,1541183,N,Y,47.734801,-122.1960243
PAST SALE,November-1-2019,Single Family Residential,2625 179th St SE,Bothell,WA,98012,552000,3,2.5,Bothell,1711,3638,2008,94,323,73,Sold,,,http://www.redfin.com/WA/Bothell/2625-179th-St-SE-98012/unit-13/home/21955028,NWMLS,1506031,N,Y,47.8359255,-122.1969456
PAST SALE,January-10-2020,Townhouse,18320 96th Ln NE Unit D,Bothell,WA,98011,698800,3,2.5,Downtown Bothell,1537,,2019,24,455,153,Sold,,,http://www.redfin.com/WA/Bothell/18320-96th-Ct-NE-98011/unit-D/home/169883150,NWMLS,1542474,N,Y,47.7491537,-122.2125557
PAST SALE,December-18-2019,Single Family Residential,23718 43rd Dr SE,Bothell,WA,98021,836000,5,3.5,North Creek,3222,3049,2018,47,259,,Sold,,,http://www.redfin.com/WA/Bothell/23718-43rd-Dr-SE-98021/home/145230395,NWMLS,1525169,N,Y,47.7821384,-122.1746809
PAST SALE,January-6-2020,Single Family Residential,22325 36th Ave SE,Bothell,WA,98021,734000,3,2.5,Canyon Park,2461,4792,2010,28,298,45,Sold,,,http://www.redfin.com/WA/Bothell/22325-36th-Ave-SE-98021/home/21886830,NWMLS,1546644,N,Y,47.7947276,-122.1844019
PAST SALE,,Single Family Residential,24127 39th Ave SE,Bothell,WA,98021,417978,3,2.0,,1152,44867,1973,,363,,,,,http://www.redfin.com/WA/Bothell/24127-39th-Ave-SE-98021/home/2629688,,,N,Y,47.7783129,-122.1787182
PAST SALE,January-17-2020,Single Family Residential,17824 46th Dr SE,Bothell,WA,98012,739000,5,2.75,North Creek,2706,4792,2014,17,273,40,Sold,,,http://www.redfin.com/WA/Bothell/17824-46th-Dr-SE-98012/home/69351428,NWMLS,1544901,N,Y,47.8355869,-122.1704592
PAST SALE,January-9-2020,Townhouse,13003 NE 182nd Unit B,Bothell,WA,98011,485000,3,2.25,Woodinville,1660,138087,1998,25,292,399,Sold,,,http://www.redfin.com/WA/Bothell/13003-NE-182nd-Pl-98011/unit-B/home/28000,NWMLS,1546308,N,Y,47.7595278,-122.1661247
PAST SALE,September-26-2019,Condo/Co-op,15700 116th Ave NE #409,Bothell,WA,98011,447950,2,1.75,Bothell,1122,187743,2007,130,399,362,Sold,,,http://www.redfin.com/WA/Bothell/15700-116th-Ave-NE-98011/unit-409/home/12536745,NWMLS,1464706,N,Y,47.741817,-122.1850396
PAST SALE,January-15-2020,Single Family Residential,2930 187th Pl SE,Bothell,WA,98012,845000,3,2.5,North Bothell,2602,14810,1989,19,325,21,Sold,,,http://www.redfin.com/WA/Bothell/2930-187th-Pl-SE-98012/home/2815389,NWMLS,1541082,N,Y,47.8274816,-122.1929165
PAST SALE,August-7-2019,Single Family Residential,20005 95th Pl NE,Bothell,WA,98011,460000,3,1.0,Canyon Park,1010,10007,1965,180,455,,Sold,,,http://www.redfin.com/WA/Bothell/20005-95th-Pl-NE-98011/home/286665,NWMLS,1479761,N,Y,47.7731749,-122.213875
PAST SALE,August-13-2019,Single Family Residential,908 232nd St SE,Bothell,WA,98021,600000,3,1.75,Canyon Park,2109,19602,1945,174,284,,Sold,,,http://www.redfin.com/WA/Bothell/908-232nd-St-SE-98021/home/2618334,NWMLS,1485811,N,Y,47.7873611,-122.220267
PAST SALE,August-26-2019,Mobile/Manufactured Home,1121 244th St SW #9,Bothell,WA,98021,130000,3,1.75,Bothell,1532,,1977,161,85,,Sold,,,http://www.redfin.com/WA/Bothell/1121-244th-St-SW-98021/unit-9/home/2875824,NWMLS,1489527,N,Y,47.7791406,-122.2483024
PAST SALE,August-13-2019,Single Family Residential,2124 240th Pl SE,Bothell,WA,98021,680000,4,2.75,Maywood Hills,2356,9583,1979,174,289,,Sold,,,http://www.redfin.com/WA/Bothell/2124-240th-Pl-SE-98021/home/2781866,NWMLS,1466559,N,Y,47.7794402,-122.2036085
PAST SALE,,Condo/Co-op,2009 196th St SE Unit SE,Bothell,WA,98012,350000,3,2.0,,1269,,2000,,276,,,,,http://www.redfin.com/WA/Bothell/2009-196th-St-SE-98012/unit-SE/home/2884429,,,N,Y,47.821656,-122.2047141
PAST SALE,September-27-2019,Single Family Residential,15709 99th Ave NE,Bothell,WA,98011,820000,5,2.5,Bridlewood,2590,9601,1994,129,317,20,Sold,,,http://www.redfin.com/WA/Bothell/15709-99th-Ave-NE-98011/home/284911,NWMLS,1455797,N,Y,47.741958,-122.2101429
PAST SALE,September-5-2019,Single Family Residential,23317 12th Pl W,Bothell,WA,98021,540000,3,2.0,Canyon Park,1306,8712,1985,151,413,4,Sold,,,http://www.redfin.com/WA/Bothell/23317-12th-Pl-W-98021/home/2806173,NWMLS,1484680,N,Y,47.7865826,-122.2496635
PAST SALE,September-23-2019,Single Family Residential,4415 232nd Pl SE #17,Bothell,WA,98021,848828,5,2.75,Canyon Park,3029,4827,2019,133,280,113,Sold,,,http://www.redfin.com/WA/Bothell/4415-232nd-Pl-SE-98021/home/167629613,NWMLS,1492916,N,Y,47.7868563,-122.1735267
PAST SALE,November-6-2019,Single Family Residential,15808 119th Ave NE,Bothell,WA,98011,825000,4,2.75,Queensgate,1960,7507,1972,89,421,,Sold,,,http://www.redfin.com/WA/Bothell/15808-119th-Ave-NE-98011/home/454823,NWMLS,1531684,N,Y,47.7425265,-122.1809622
PAST SALE,November-4-2019,Mobile/Manufactured Home,12701 NE 197th Pl,Bothell,WA,98011,355000,2,2.0,Holly Hills,960,4516,1986,91,370,24,Sold,,,http://www.redfin.com/WA/Bothell/12701-NE-197th-Pl-98011/home/40107528,NWMLS,1521399,N,Y,47.770752,-122.1709414
PAST SALE,September-17-2019,Condo/Co-op,411 213th Pl SW Unit 12A,Bothell,WA,98021,271500,2,1.0,Bothell,906,14653,1971,139,300,417,Sold,,,http://www.redfin.com/WA/Bothell/411-213th-Pl-SW-98021/unit-12A/home/2696027,NWMLS,1504315,N,Y,47.8044785,-122.2388873
PAST SALE,October-24-2019,Single Family Residential,13115 NE 186th Pl,Woodinville,WA,98072,740000,4,2.5,Woodinville,2700,7997,1999,102,274,,Sold,,,http://www.redfin.com/WA/Woodinville/13115-NE-186th-Pl-98072/home/287875,NWMLS,1519452,N,Y,47.7631689,-122.1662549
PAST SALE,October-17-2019,Single Family Residential,22326 53rd Ave SE,Bothell,WA,98021,1130500,4,2.5,Bothell,3235,54014,1997,109,349,,Sold,,,http://www.redfin.com/WA/Bothell/22326-53rd-Ave-SE-98021/home/2855750,NWMLS,1524377,N,Y,47.7945003,-122.162988
PAST SALE,September-18-2019,Single Family Residential,932 241st Pl SW,Bothell,WA,98021,414000,2,2.0,Wandering Creek,1572,6098,1988,138,263,122,Sold,,,http://www.redfin.com/WA/Bothell/932-241st-Pl-SW-98021/home/2798521,NWMLS,1443365,N,Y,47.7785642,-122.2456685
PAST SALE,December-31-2019,Single Family Residential,24218 21st Dr SE,Bothell,WA,98021,1115000,6,3.25,North Bothell,4400,9583,2003,34,253,,Sold,,,http://www.redfin.com/WA/Bothell/24218-21st-Dr-SE-98021/home/2890865,NWMLS,1546868,N,Y,47.7768925,-122.2046177
PAST SALE,,Condo/Co-op,16230 3rd Ave SE Unit E1,Bothell,WA,98012,370000,3,3.5,,1395,,2001,,265,,,,,http://www.redfin.com/WA/Bothell/16230-3rd-Ave-SE-98012/unit-E1/home/2892868,,,N,Y,47.8498841,-122.2281861
PAST SALE,October-18-2019,Mobile/Manufactured Home,18810 129th Ave NE,Bothell,WA,98011,200000,2,1.75,Holly Hills,1370,4801,1970,108,146,,Sold,,,http://www.redfin.com/WA/Bothell/18810-129th-Ave-NE-98011/home/55553128,NWMLS,1524082,N,Y,47.7648527,-122.1678634
PAST SALE,September-19-2019,Single Family Residential,18333 129th Ave NE,Bothell,WA,98011,670000,3,2.25,Woodinville,2480,11620,1983,137,270,,Sold,,,http://www.redfin.com/WA/Bothell/18333-129th-Ave-NE-98011/home/287733,NWMLS,1490824,N,Y,47.7609733,-122.1687477
PAST SALE,September-12-2019,Single Family Residential,125 173rd Pl SE,Bothell,WA,98012,765000,4,2.5,Mill Creek,3300,13939,1990,144,232,,Sold,,,http://www.redfin.com/WA/Bothell/125-173rd-Pl-SE-98012/home/2823585,NWMLS,1464420,N,Y,47.8411724,-122.2299638
PAST SALE,August-19-2019,Mobile/Manufactured Home,17215 119th Ave NE,Bothell,WA,98011,243000,3,2.0,Woodinville,1815,6350,1985,168,134,150,Sold,,,http://www.redfin.com/WA/Bothell/17215-119th-Ave-NE-98011/home/55554403,NWMLS,1494424,N,Y,47.752684,-122.1809843
PAST SALE,,Vacant Land,4318 232nd Pl SE,Bothell,WA,98021,828568,,,,,4792,,,,,,,,http://www.redfin.com/WA/Bothell/4318-232nd-Pl-SE-98021/home/168206834,,,N,Y,47.7866,-122.175
PAST SALE,September-12-2019,Single Family Residential,22226 4th Pl W,Bothell,WA,98021,567500,3,2.25,Queensborough,1896,7405,1974,144,299,,Sold,,,http://www.redfin.com/WA/Bothell/22226-4th-Pl-W-98021/home/2771156,NWMLS,1502024,N,Y,47.7961371,-122.2394694
PAST SALE,November-26-2019,Single Family Residential,9608 NE 198th St,Bothell,WA,98011,600000,3,1.5,Downtown Bothell,1760,14400,1959,69,341,,Sold,,,http://www.redfin.com/WA/Bothell/9608-NE-198th-St-98011/home/286517,NWMLS,1538964,N,Y,47.7722832,-122.2119291
PAST SALE,,Vacant Land,4325 232nd Pl SE,Bothell,WA,98021,799990,,,,,4356,,,,,,,,http://www.redfin.com/WA/Bothell/4325-232nd-Pl-SE-98021/home/165197322,,,N,Y,47.7870052,-122.1739716
PAST SALE,,Vacant Land,4326 232nd Pl SE,Bothell,WA,98021,816000,,,,,5227,,,,,,,,http://www.redfin.com/WA/Bothell/4326-232nd-Pl-SE-98021/home/168206656,,,N,Y,47.7864,-122.174
PAST SALE,August-28-2019,Single Family Residential,23821 2nd Ave W,Bothell,WA,98021,625000,4,2.5,Canyon Park,2210,7841,1987,159,283,,Sold,,,http://www.redfin.com/WA/Bothell/23821-2nd-Ave-W-98021/home/2809509,NWMLS,1492524,N,Y,47.7818275,-122.2356822
PAST SALE,,Vacant Land,19313 35th Dr SE Unit D,Bothell,WA,98012,469996,,,,,1307,,,,,,,,http://www.redfin.com/WA/Bothell/19313-35th-Dr-SE-98012/unit-D/home/169425675,,,N,Y,47.8202257,-122.1849865
PAST SALE,,Single Family Residential,3918 171st St SE,Bothell,WA,98012,894410,,,,,6534,,,,,,,,http://www.redfin.com/WA/Bothell/3918-171st-St-SE-98012/home/145257189,,,N,Y,47.8427516,-122.1793897
PAST SALE,August-19-2019,Single Family Residential,19920 3rd Ave SE,Bothell,WA,98012,642000,5,3.25,Bothell,2720,2371,2015,168,236,75,Sold,,,http://www.redfin.com/WA/Bothell/19920-3rd-Ave-SE-98012/unit-12/home/75120230,NWMLS,1450088,N,Y,47.8167862,-122.2286123
PAST SALE,November-15-2019,Single Family Residential,19004 90th Pl NE,Bothell,WA,98011,645000,3,2.25,Bothell,1960,10149,1974,80,329,,Sold,,,http://www.redfin.com/WA/Bothell/19004-90th-Pl-NE-98011/home/286065,NWMLS,1527223,N,Y,47.7659646,-122.21908
PAST SALE,December-5-2019,Single Family Residential,201 197th St SW #25,Bothell,WA,98012,509000,4,2.5,Bothell,1761,3599,2008,60,289,43,Sold,,,http://www.redfin.com/WA/Bothell/201-197th-St-SW-98012/unit-25/home/12402861,NWMLS,1512448,N,Y,47.8201001,-122.2360058
PAST SALE,October-10-2019,Townhouse,19726 Meridian Pl W #22,Bothell,WA,98012,699950,4,3.0,Bothell,2418,2361,2019,116,289,90,Sold,,,http://www.redfin.com/WA/Bothell/19726-Meridian-Pl-W-98012/home/167072959,NWMLS,1472357,N,Y,47.8192695,-122.233436
PAST SALE,August-30-2019,Single Family Residential,23013 41st Dr SE,Bothell,WA,98021,824378,5,2.75,Bothell,2822,4089,2019,157,292,59,Sold,,,http://www.redfin.com/WA/Bothell/23013-41st-Dr-SE-98021/home/163765775,NWMLS,1445936,N,Y,47.78933670413,-122.177635403705
PAST SALE,August-8-2019,Single Family Residential,20613 39th Ave SE,Bothell,WA,98021,650000,3,2.0,Thrashers Corner,2182,8276,2006,179,298,,Sold,,,http://www.redfin.com/WA/Bothell/20613-39th-Ave-SE-98012/home/12489574,NWMLS,1485994,N,Y,47.810317,-122.180399
PAST SALE,,Condo/Co-op,19706 Meridian Pl W,Bothell,WA,98012,705796,,,,,,,,,,,,,http://www.redfin.com/WA/Bothell/19706-Meridian-Pl-W-98012/home/167129215,,,N,Y,47.8201415,-122.2331537
PAST SALE,December-23-2019,Condo/Co-op,19206 14th Ave SE #22,Bothell,WA,98012,702000,4,2.25,Bothell,2653,4264,2018,42,265,59,Sold,,,http://www.redfin.com/WA/Bothell/19206-14th-Ave-SE-98012/unit-22/home/146077647,NWMLS,1533887,N,Y,47.8386004,-122.2136355
PAST SALE,August-22-2019,Single Family Residential,133 196th Pl SW,Bothell,WA,98012,499950,3,2.5,North Creek,2038,3118,2008,165,245,30,Sold,,,http://www.redfin.com/WA/Bothell/133-196th-Pl-SW-98012/home/12334192,NWMLS,1423657,N,Y,47.8205863,-122.235872
PAST SALE,August-29-2019,Single Family Residential,21229 SE 35th Ave,Bothell,WA,98021,630000,4,2.5,Canyon Park,2194,4792,2010,158,287,,Sold,,,http://www.redfin.com/WA/Bothell/21229-35th-Ave-SE-98021/home/18815753,NWMLS,1458317,N,Y,47.804742,-122.1851822
PAST SALE,September-6-2019,Single Family Residential,4130 215th St SE,Bothell,WA,98021,780000,4,2.5,Canyon Park,3114,4792,2008,150,250,46,Sold,,,http://www.redfin.com/WA/Bothell/4130-215th-St-SE-98021/home/21501567,NWMLS,1462446,N,Y,47.8023132,-122.1767624
PAST SALE,September-26-2019,Single Family Residential,21905 41st Ave SE,Bothell,WA,98021,749000,4,2.5,Bothell,2813,6098,2005,130,266,45,Sold,,,http://www.redfin.com/WA/Bothell/21905-41st-Ave-SE-98021/home/2915131,NWMLS,1474758,N,Y,47.7989382,-122.1773972
PAST SALE,September-17-2019,Single Family Residential,21314 43rd Dr SE Unit GC 12,Bothell,WA,98021,892996,6,4.0,North Creek,3513,4053,2019,139,254,63,Sold,,,http://www.redfin.com/WA/Bothell/21314-43rd-Dr-SE-98021/home/167027610,NWMLS,1468984,N,Y,47.804139,-122.172944
PAST SALE,November-20-2019,Single Family Residential,2409 210th St SE,Bothell,WA,98021,589000,3,2.25,Thrashers Corner,1729,5556,1993,75,341,17,Sold,,,http://www.redfin.com/WA/Bothell/2409-210th-St-SE-98021/home/2832376,NWMLS,1513686,N,Y,47.8076693,-122.1999575
PAST SALE,November-21-2019,Single Family Residential,119 216th St SW,Bothell,WA,98021,420000,2,,Bothell,1246,25265,1954,74,337,,Sold,,,http://www.redfin.com/WA/Bothell/119-216th-St-SW-98021/home/2727318,NWMLS,1497388,N,Y,47.8024668,-122.2354453
PAST SALE,November-22-2019,Single Family Residential,19813 23rd Dr SE,Bothell,WA,98012,600000,3,1.0,Bothell,1770,96703,1956,73,339,,Sold,,,http://www.redfin.com/WA/Bothell/19813-23rd-Dr-SE-98012/home/2558786,NWMLS,1435395,N,Y,47.8179553,-122.2008211
PAST SALE,November-26-2019,Single Family Residential,20112 6th Dr SE,Bothell,WA,98012,827500,5,4.0,Bothell,3188,6534,2015,69,260,94,Sold,,,http://www.redfin.com/WA/Bothell/20112-6th-Dr-SE-98012/home/69095305,NWMLS,1527654,N,Y,47.8154316,-122.2229858
PAST SALE,December-2-2019,Single Family Residential,21314 2nd Ave SE,Bothell,WA,98021,587500,4,2.5,Bothell,2674,8276,1977,63,220,,Sold,,,http://www.redfin.com/WA/Bothell/21314-2nd-Ave-SE-98021/home/2773657,NWMLS,1525991,N,Y,47.8044874,-122.2298262
PAST SALE,November-15-2019,Single Family Residential,22213 44th (Homesite North 14) Dr SE,Bothell,WA,98021,829900,4,2.75,Canyon Park,2425,3800,2019,80,342,102,Sold,,,http://www.redfin.com/WA/Bothell/22213-44th-Homesite-North-14-DR-SE-98021/home/167132946,NWMLS,1481079,N,Y,47.796406,-122.173397
PAST SALE,August-21-2019,Single Family Residential,17114 94th (Homesite 23) Pl NE,Bothell,WA,98011,1129995,5,4.0,Bothell,3783,7112,2018,166,299,111,Sold,,,http://www.redfin.com/WA/Bothell/17114-94th-Homesite-23-Pl-NE-98011/home/144914923,NWMLS,1247251,N,Y,47.751759,-122.213802
PAST SALE,August-16-2019,Single Family Residential,8500 NE 193rd St,Bothell,WA,98011,738000,4,2.5,Bothell,2360,7210,1999,171,313,42,Sold,,,http://www.redfin.com/WA/Bothell/8500-NE-193rd-St-98011/home/283943,NWMLS,1488616,N,Y,47.7689221,-122.2266138
PAST SALE,August-22-2019,Single Family Residential,20218 108th Ave NE,Bothell,WA,98011,745000,4,2.75,Bothell,2900,8460,1977,165,257,,Sold,,,http://www.redfin.com/WA/Bothell/20218-108th-Ave-NE-98011/home/286115,NWMLS,1445897,N,Y,47.7750418,-122.1965576
PAST SALE,August-29-2019,Townhouse,18314 96th Dr NE Unit E,Bothell,WA,98011,798800,4,3.5,Downtown Bothell,2000,,2019,158,399,201,Sold,,,http://www.redfin.com/WA/Bothell/18314-96th-DR-NE-98011/unit-E/home/166701727,NWMLS,1458749,N,Y,47.761363,-122.211943
PAST SALE,August-19-2019,Condo/Co-op,18320 96th Ln NE Unit A,Bothell,WA,98011,798000,4,3.5,Downtown Bothell,2000,,2019,168,399,201,Sold,,,http://www.redfin.com/WA/Bothell/18320-96th-Ct-NE-98011/unit-A/home/168349432,NWMLS,1501271,N,Y,47.7491537,-122.2125557
PAST SALE,September-12-2019,Condo/Co-op,10721 Valley View Rd Unit B201,Bothell,WA,98011,361000,3,2.0,Downtown Bothell,1158,138260,2003,144,312,375,Sold,,,http://www.redfin.com/WA/Bothell/10721-Valley-View-Rd-98011/unit-B201/home/167636034,NWMLS,1488992,N,Y,47.7590598,-122.1970118
PAST SALE,September-6-2019,Single Family Residential,10654 NE 204 Pl,Bothell,WA,98011,679900,4,3.0,Bothell,2110,11450,1979,150,322,,Sold,,,http://www.redfin.com/WA/Bothell/10654-NE-204th-Pl-98011/home/286398,NWMLS,1456699,N,Y,47.7761802,-122.1970325
PAST SALE,,Condo/Co-op,20033 94th Ave NE #42,Bothell,WA,98011,653000,4,3.0,,2520,,,,259,,,,,http://www.redfin.com/WA/Bothell/20033-94th-Ave-NE-98011/unit-42/home/59704127,,,N,Y,47.7739489,-122.2150526
PAST SALE,September-20-2019,Townhouse,23627 5th (Lot 49) Ave SE Unit E,Bothell,WA,98021,635673,4,3.0,Canyon Park,2247,1000,2019,136,283,150,Sold,,,http://www.redfin.com/WA/Bothell/23627-49th-Ave-SE-98021/unit-E/home/160516355,NWMLS,1414666,N,Y,47.781143,-122.224107
PAST SALE,September-26-2019,Single Family Residential,20101 94th Dr NE,Bothell,WA,98011,690000,4,3.25,Canyon Park,2520,1,2014,130,274,58,Sold,,,http://www.redfin.com/WA/Bothell/20101-94th-Dr-NE-98011/home/58664478,NWMLS,1502238,N,Y,47.7748051,-122.2153597
PAST SALE,September-18-2019,Single Family Residential,19121 94th Pl NE,Bothell,WA,98011,533000,3,1.0,West Hill,1320,8749,1960,138,404,,Sold,,,http://www.redfin.com/WA/Bothell/19121-94th-Pl-NE-98011/home/286824,NWMLS,1522136,N,Y,47.7672728,-122.214498
PAST SALE,September-26-2019,Single Family Residential,10327 NE 201st Pl,Bothell,WA,98011,818880,4,3.0,Maywood Hills,3247,8402,1987,130,252,,Sold,,,http://www.redfin.com/WA/Bothell/10327-NE-201st-Pl-98011/home/285299,NWMLS,1495936,N,Y,47.7740425,-122.2023475
PAST SALE,,Condo/Co-op,20101 94th Dr NE #3,Bothell,WA,98011,690000,4,3.0,,2520,,,,274,,,,,http://www.redfin.com/WA/Bothell/20101-94th-Dr-NE-98011/unit-3/home/59704154,,,N,Y,47.7739489,-122.2150526
PAST SALE,September-9-2019,Multi-Family (2-4 Unit),130 Bellflower Rd,Bothell,WA,98012,595000,4,2.0,Bothell,2028,14375,1968,147,293,,Sold,,,http://www.redfin.com/WA/Bothell/130-Bellflower-Rd-98012/home/2647540,NWMLS,1470954,N,Y,47.8357356,-122.2356513
PAST SALE,September-25-2019,Multi-Family (2-4 Unit),11031 Woodinville Dr,Bothell,WA,98011,1380000,8,4.0,Bothell,3472,9006,1988,131,397,,Sold,,,http://www.redfin.com/WA/Bothell/11031-Woodinville-Dr-98011/home/2072068,NWMLS,1472223,N,Y,47.7547897,-122.1924643
PAST SALE,September-30-2019,Single Family Residential,15943 111th Ave NE,Bothell,WA,98011,927000,4,2.5,Norway Hill,2670,76878,1993,126,347,,Sold,,,http://www.redfin.com/WA/Bothell/15943-111th-Ave-NE-98011/home/284984,NWMLS,1507230,N,Y,47.7425588,-122.1959141
PAST SALE,,Mobile/Manufactured Home,19609 129th Ave NE,Bothell,WA,98011,210000,,,,,4541,,,,,,,,http://www.redfin.com/WA/Bothell/19609-129th-Ave-NE-98011/home/59704975,,,N,Y,47.7700618,-122.1699948
PAST SALE,,Condo/Co-op,19722 Meridian Pl W,Bothell,WA,98012,706550,,,,,,,,,,,,,http://www.redfin.com/WA/Bothell/19722-Meridian-Pl-W-98012/home/167687774,,,N,Y,47.819524,-122.2334246
PAST SALE,September-30-2019,Single Family Residential,8917 NE 191st Pl,Bothell,WA,98011,640000,4,2.25,West Hill,2040,10450,1976,126,314,,Sold,,,http://www.redfin.com/WA/Bothell/8917-NE-191st-Pl-98011/home/286046,NWMLS,1506080,N,Y,47.7669973,-122.220165
PAST SALE,September-30-2019,Single Family Residential,24212 16th Pl SE,Bothell,WA,98021,520000,3,2.25,Canyon Park,1864,9583,1984,126,279,,Sold,,,http://www.redfin.com/WA/Bothell/24212-16th-Pl-SE-98021/home/2803127,NWMLS,1515237,N,Y,47.7777418,-122.210669
PAST SALE,October-9-2019,Single Family Residential,17145 94th (Home Site 16) Pl NE,Bothell,WA,98011,1229886,5,2.75,Bothell,3195,8858,2019,117,385,111,Sold,,,http://www.redfin.com/WA/Bothell/17145-94th-Home-Site-16-Pl-NE-98011/home/148548934,NWMLS,1395510,N,Y,47.752545,-122.215563
PAST SALE,October-11-2019,Single Family Residential,9219 NE 173rd (Lot 01) St,Bothell,WA,98011,1252210,4,3.0,Bothell,3524,10002,2019,115,355,111,Sold,,,http://www.redfin.com/WA/Bothell/9219-NE-173rd-Pl-98011/home/145542738,NWMLS,1280693,N,Y,47.7534416,-122.218585
PAST SALE,October-14-2019,Single Family Residential,9317 NE 173rd (Home Site 09) St,Bothell,WA,98011,1135276,5,2.75,Bothell,3634,8437,2019,112,312,111,Sold,,,http://www.redfin.com/WA/Bothell/9317-NE-173rd-St-98011/home/146254815,NWMLS,1329734,N,Y,47.7537437,-122.2147444
PAST SALE,October-17-2019,Single Family Residential,19604 109th Ct NE,Bothell,WA,98011,915000,5,3.25,North Creek,4210,10220,1995,109,217,33,Sold,,,http://www.redfin.com/WA/Bothell/19604-109th-Ct-NE-98011/home/285372,NWMLS,1386493,N,Y,47.7699736,-122.1953426
PAST SALE,October-18-2019,Single Family Residential,19502 108th Ave NE,Bothell,WA,98011,550000,5,2.5,Maywood Hills,3460,9700,1967,108,159,,Sold,,,http://www.redfin.com/WA/Bothell/19502-108th-Ave-NE-98011/home/286532,NWMLS,1514063,N,Y,47.7690885,-122.1965244
PAST SALE,August-9-2019,Single Family Residential,18925 1st Ave SE,Bothell,WA,98012,585000,4,2.5,Floral Hills,2116,4356,1999,178,276,25,Sold,,,http://www.redfin.com/WA/Bothell/18925-1st-Ave-SE-98012/home/2869946,NWMLS,1481819,N,Y,47.8260062,-122.2318786
PAST SALE,October-25-2019,Single Family Residential,17511 Eason Ave,Bothell,WA,98011,1100000,4,3.5,Bothell,3110,6650,2017,101,354,,Sold,,,http://www.redfin.com/WA/Bothell/17511-Eason-Ave-98011/home/285251,NWMLS,1504998,N,Y,47.7550997,-122.201466
PAST SALE,December-20-2019,Single Family Residential,4428 213th Pl SE Unit GC 28,Bothell,WA,98021,868085,5,2.75,North Creek,3382,4650,2019,45,257,63,Sold,,,http://www.redfin.com/WA/Bothell/4428-213th-Pl-SE-98021/unit-GC-28/home/169593195,NWMLS,1514663,N,Y,47.803989,-122.1765924
PAST SALE,October-31-2019,Single Family Residential,10417 NE 197th St,Bothell,WA,98011,572500,5,2.25,Maywood Hills,2920,9447,1966,95,196,,Sold,,,http://www.redfin.com/WA/Bothell/10417-NE-197th-St-98011/home/286594,NWMLS,1486287,N,Y,47.7711831,-122.2008269
PAST SALE,November-14-2019,Single Family Residential,12318 NE 164th St,Bothell,WA,98011,750000,3,2.0,Bothell,2120,28258,1933,81,354,,Sold,,,http://www.redfin.com/WA/Bothell/12318-NE-164th-St-98011/home/167695207,NWMLS,1490383,N,Y,47.7468228,-122.1755609
PAST SALE,,Single Family Residential,12171 NE 170th Pl,Bothell,WA,98011,690000,4,2.5,,2650,70131,1977,,260,,,,,http://www.redfin.com/WA/Bothell/12171-NE-170th-Pl-98011/home/453005,,,N,Y,47.7511316,-122.1764865
PAST SALE,,Single Family Residential,16263 124th Ave NE,Bothell,WA,98011,750000,2,1.0,,2120,28258,1933,,354,,,,,http://www.redfin.com/WA/Bothell/16263-124th-Ave-NE-98011/home/453101,,,N,Y,47.746831,-122.175271
PAST SALE,November-12-2019,Single Family Residential,10708 NE 197th St,Bothell,WA,98011,570000,3,2.25,Maywood Hills,2840,8560,1966,83,201,,Sold,,,http://www.redfin.com/WA/Bothell/10708-NE-197th-St-98011/home/285743,NWMLS,1512772,N,Y,47.771566,-122.1976543
PAST SALE,November-13-2019,Townhouse,16125 Juanita Woodinville Way NE #1203,Bothell,WA,98011,425000,2,2.25,Bothell,1177,479497,1999,82,361,326,Sold,,,http://www.redfin.com/WA/Bothell/16125-Juanita-Woodinville-Way-NE-98011/unit-1203/home/788,NWMLS,1496156,N,Y,47.7461684,-122.1851573
PAST SALE,November-22-2019,Single Family Residential,23614 15th Ave SE,Bothell,WA,98021,1265000,5,3.25,Canyon Park,3756,13068,2019,73,337,,Sold,,,http://www.redfin.com/WA/Bothell/23614-15th-Ave-SE-98021/home/161319663,NWMLS,1528941,N,Y,47.783341,-122.213438
PAST SALE,November-15-2019,Condo/Co-op,11936 NE 164th Ln Unit 29-1,Bothell,WA,98011,530000,3,2.5,Bothell,1420,,1998,80,373,455,Sold,,,http://www.redfin.com/WA/Bothell/11936-NE-164th-Ln-98011/unit-29-1/home/13208,NWMLS,1532869,N,Y,47.7463035,-122.1821598
PAST SALE,August-23-2019,Condo/Co-op,16125 Juanita Woodinville Way NE #114,Bothell,WA,98011,295000,1,1.5,Bothell,876,479497,1999,164,337,239,Sold,,,http://www.redfin.com/WA/Bothell/16125-Juanita-Woodinville-Way-NE-98011/unit-114/home/41163,NWMLS,1500291,N,Y,47.7461684,-122.1851573
PAST SALE,,Condo/Co-op,21624 9th Ave SE #104,Bothell,WA,98021,404494,3,2.5,,1345,,1997,,301,,,,,http://www.redfin.com/WA/Bothell/21624-9th-Ave-SE-98021/unit-104/home/2857917,,,N,Y,47.802135,-122.2221575
PAST SALE,September-13-2019,Condo/Co-op,15700 116th Ave NE #207,Bothell,WA,98011,445000,2,2.0,Bothell,1309,187743,2007,143,340,422,Sold,,,http://www.redfin.com/WA/Bothell/15700-116th-Ave-NE-98011/unit-207/home/12536753,NWMLS,1495269,N,Y,47.7417104,-122.1853146
PAST SALE,November-8-2019,Single Family Residential,20056 94 Dr NE,Bothell,WA,98011,699999,4,3.5,Downtown Bothell,2778,261360,2014,87,252,58,Sold,,,http://www.redfin.com/WA/Bothell/20056-94th-Dr-NE-98011/home/55007843,NWMLS,1514586,N,Y,47.7744821,-122.21482
PAST SALE,December-4-2019,Mobile/Manufactured Home,23825 15 Ave SE #54,Bothell,WA,98021,258500,2,1.75,Canyon Park,1292,,2017,61,200,,Sold,,,http://www.redfin.com/WA/Bothell/23825-15th-Ave-SE-98021/unit-54/home/2874503,NWMLS,1511615,N,Y,47.78206,-122.2098023
PAST SALE,September-26-2019,Townhouse,15600 116th Ave NE Unit F2,Bothell,WA,98011,329950,2,1.5,Queensgate,1036,278862,1986,130,318,440,Sold,,,http://www.redfin.com/WA/Bothell/15600-116th-Ave-NE-98011/unit-F2/home/43692,NWMLS,1509393,N,Y,47.7414334,-122.1861936
PAST SALE,December-19-2019,Single Family Residential,17103 94th (Home Site 21) Pl NE,Bothell,WA,98011,1358950,6,3.75,Bothell,4573,8640,2019,46,297,111,Sold,,,http://www.redfin.com/WA/Bothell/17103-94th-Home-Site-21-Pl-NE-98011/home/146180156,NWMLS,1496392,N,Y,47.752545,-122.215563
PAST SALE,December-17-2019,Townhouse,508 237th  (Lot #34) St SE Unit B,Bothell,WA,98021,599990,3,3.0,Canyon Park,1805,1000,2019,48,332,150,Sold,,,http://www.redfin.com/WA/Bothell/508-237th-St-SE-98021/unit-B/home/169408012,NWMLS,1530848,N,Y,47.780362,-122.22436
PAST SALE,December-20-2019,Condo/Co-op,18406 96th Ln NE Unit E,Bothell,WA,98011,818800,4,3.5,Downtown Bothell,2000,,2019,45,409,201,Sold,,,http://www.redfin.com/WA/Bothell/18406-96th-Ave-NE-98011/unit-E/home/169582934,NWMLS,1535703,N,Y,47.7607605,-122.2116843
PAST SALE,,Single Family Residential,10827 NE 183rd Ct,Bothell,WA,98011,699990,3,2.25,,2230,11736,1985,,314,,,,,http://www.redfin.com/WA/Bothell/10827-NE-183rd-Ct-98011/home/285588,,,N,Y,47.7603427,-122.1945907
PAST SALE,September-18-2019,Townhouse,18727 101st Ave NE,Bothell,WA,98011,705000,3,2.5,Downtown Bothell,1935,,2008,138,364,185,Sold,,,http://www.redfin.com/WA/Bothell/18727-101st-Ave-NE-98011/home/18666312,NWMLS,1504464,N,Y,47.7640955,-122.206184
PAST SALE,December-19-2019,Single Family Residential,10621 NE 187th,Bothell,WA,98011,759000,5,1.75,Downtown Bothell,2500,10032,1956,46,304,,Sold,,,http://www.redfin.com/WA/Bothell/10621-NE-187th-St-98011/home/285841,NWMLS,1514835,N,Y,47.7635951,-122.1980373
PAST SALE,December-18-2019,Townhouse,508 237th (Lot #35) St SE Unit C,Bothell,WA,98021,590213,3,3.0,Canyon Park,1805,1000,2019,47,327,150,Sold,,,http://www.redfin.com/WA/Bothell/508-237th-St-SE-98021/unit-C/home/167173677,NWMLS,1485088,N,Y,47.78257164185262,-122.22423720936962
PAST SALE,,Single Family Residential,16606 107th Pl NE,Bothell,WA,98011,680000,3,1.0,,1570,58532,1941,,433,,,,,http://www.redfin.com/WA/Bothell/16606-107th-Pl-NE-98011/home/285077,,,N,Y,47.7484701,-122.1981243
PAST SALE,January-9-2020,Single Family Residential,1442 241st(#12) Pl SE,Bothell,WA,98021,1207418,5,3.5,Canyon Park,3418,8426,2019,25,353,128,Sold,,,http://www.redfin.com/WA/Bothell/1442-241st-St-SE-98021/home/169144380,NWMLS,1522359,N,Y,47.7794555,-122.2128438
PAST SALE,December-13-2019,Condo/Co-op,15300 112th Ave NE Unit A306,Bothell,WA,98011,373000,3,1.75,Kirkland,1199,146021,1999,52,311,438,Sold,,,http://www.redfin.com/WA/Bothell/15300-112th-Ave-NE-98011/unit-A306/home/2117220,NWMLS,1486469,N,Y,47.7394231,-122.1907686
PAST SALE,January-3-2020,Single Family Residential,16220 107th Ave NE,Bothell,WA,98011,748888,3,2.25,Norway Hill,1900,47960,1988,31,394,38,Sold,,,http://www.redfin.com/WA/Bothell/16220-107th-Ave-NE-98011/home/284342,NWMLS,1545351,N,Y,47.7455519,-122.1979941
PAST SALE,,Mobile/Manufactured Home,1112 Park Cir,Bothell,WA,98021,465000,,2.0,,1676,5663,2002,,277,,,,,http://www.redfin.com/WA/Bothell/1112-Park-Cir-98021/home/2776683,,,N,Y,47.7808725,-122.2482973
PAST SALE,January-2-2020,Single Family Residential,15509 93rd Pl NE,Bothell,WA,98011,778000,3,2.5,Amber Ridge,2580,7441,1989,32,302,25,Sold,,,http://www.redfin.com/WA/Bothell/15509-93rd-Pl-NE-98011/home/284867,NWMLS,1510316,N,Y,47.7406613,-122.2167395
PAST SALE,December-30-2019,Single Family Residential,1314 238th Pl SW,Bothell,WA,98021,598980,4,2.5,Creekside Park,2131,4356,1999,35,281,,Sold,,,http://www.redfin.com/WA/Bothell/1314-238th-Pl-SW-98021/home/2866009,NWMLS,1518189,N,Y,47.7819844,-122.2510452
PAST SALE,January-21-2020,Townhouse,18406 96th Ave NE Unit D,Bothell,WA,98011,648800,2,2.25,Downtown Bothell,1378,,2019,13,471,138,Sold,,,http://www.redfin.com/WA/Bothell/18406-96th-Ave-NE-98011/unit-D/home/161642196,NWMLS,1439162,N,Y,47.7607605,-122.2116843
PAST SALE,January-23-2020,Townhouse,18320 96th Ln NE Unit B,Bothell,WA,98011,688800,3,2.5,Downtown Bothell,1537,,2019,11,448,153,Sold,,,http://www.redfin.com/WA/Bothell/18320-96th-Ct-NE-98011/unit-B/home/169582913,NWMLS,1535702,N,Y,47.7491537,-122.2125557
PAST SALE,January-9-2020,Single Family Residential,2412 240th St SE,Bothell,WA,98021,770000,3,2.5,Canyon Park,2346,10019,1997,25,328,,Sold,,,http://www.redfin.com/WA/Bothell/2412-240th-St-SE-98021/home/2835140,NWMLS,1502977,N,Y,47.7795975,-122.2000941
PAST SALE,January-17-2020,Mobile/Manufactured Home,12632 NE 194th St,Bothell,WA,98011,317440,3,2.0,Holly Hills,1248,4487,1986,17,254,25,Sold,,,http://www.redfin.com/WA/Bothell/12632-NE-194th-St-98011/home/59705063,NWMLS,1546490,N,Y,47.7685444,-122.1714163
PAST SALE,January-15-2020,Single Family Residential,19821 100th Ave NE,Bothell,WA,98011,1100000,5,4.5,Maywood Hills,3894,12105,2006,19,282,,Sold,,,http://www.redfin.com/WA/Bothell/19821-100th-Ave-NE-98011/home/8187369,NWMLS,1511730,N,Y,47.7721249,-122.207644
PAST SALE,January-14-2020,Single Family Residential,23903 7th Ave W,Bothell,WA,98021,625000,3,2.25,Bothell,1940,9583,1962,20,322,,Sold,,,http://www.redfin.com/WA/Bothell/23903-7th-Ave-W-98021/home/2657484,NWMLS,1529386,N,Y,47.7814223,-122.2414865
PAST SALE,January-30-2020,Single Family Residential,9 242nd St SE,Bothell,WA,98021,1083880,4,3.5,Canyon Park,3788,10846,2019,4,286,92,Sold,,,http://www.redfin.com/WA/Bothell/9-242nd-St-SE-98021/home/161218286,NWMLS,1542648,N,Y,47.7793178,-122.2325022
PAST SALE,October-2-2019,Single Family Residential,17121 94th (Home Site 18) Pl NE,Bothell,WA,98011,1420618,5,2.75,Bothell,3634,13455,2019,124,391,111,Sold,,,http://www.redfin.com/WA/Bothell/17121-94th-Pl-NE-98011/home/145709823,NWMLS,1349167,N,Y,47.7519842,-122.214068
PAST SALE,January-16-2020,Condo/Co-op,9523 NE 180th St Unit A304,Bothell,WA,98011,240000,1,1.0,Bothell,723,105800,1979,18,332,302,Sold,,,http://www.redfin.com/WA/Bothell/9523-NE-180th-St-98011/unit-A304/home/24934,NWMLS,1494645,N,Y,47.7573885,-122.2130107
PAST SALE,January-21-2020,Single Family Residential,11029 NE 197th St,Bothell,WA,98011,739000,4,2.75,Bothell,3130,9965,2003,13,236,50,Sold,,,http://www.redfin.com/WA/Bothell/11029-NE-197th-St-98011/home/286500,NWMLS,1492003,N,Y,47.7700291,-122.1931115
PAST SALE,,Single Family Residential,8927 NE 188th Pl,Bothell,WA,98011,475000,5,2.25,,2410,14428,1962,,197,,,,,http://www.redfin.com/WA/Bothell/8927-NE-188th-Pl-98011/home/285347,,,N,Y,47.7643685,-122.2204753
PAST SALE,August-9-2019,Single Family Residential,18813 92nd Ave NE,Bothell,WA,98011,995000,5,2.5,West Hill,3740,10862,2006,178,266,,Sold,,,http://www.redfin.com/WA/Bothell/18813-92nd-Ave-NE-98011/home/8187470,NWMLS,1491863,N,Y,47.7647178,-122.218541
PAST SALE,August-7-2019,Single Family Residential,1911 233rd Pl SE,Bothell,WA,98021,690000,3,3.5,Canyon Park,3061,11326,1984,180,225,,Sold,,,http://www.redfin.com/WA/Bothell/1911-233rd-Pl-SE-98021/home/2803629,NWMLS,1481358,N,Y,47.7863221,-122.2071192
PAST SALE,August-9-2019,Condo/Co-op,18930 Bothell-Everett Hwy Unit E201,Bothell,WA,98012,273000,2,2.0,Bothell,939,552636,1998,178,291,384,Sold,,,http://www.redfin.com/WA/Bothell/18930-Bothell-Everett-Hwy-98012/unit-E201/home/12105013,NWMLS,1470878,N,Y,47.8252115,-122.2098446
PAST SALE,August-9-2019,Single Family Residential,1120 185th Pl SE,Bothell,WA,98012,656200,4,2.5,North Creek,2241,5663,2001,178,293,53,Sold,,,http://www.redfin.com/WA/Bothell/1120-185th-Pl-SE-98012/home/2888759,NWMLS,1477332,N,Y,47.8297819,-122.2162785
PAST SALE,August-29-2019,Single Family Residential,14704 112th Ave NE,Kirkland,WA,98034,575000,3,1.75,Kirkland,1300,8250,1967,158,442,,Sold,,,http://www.redfin.com/WA/Kirkland/14704-112th-Ave-NE-98034/home/458638,NWMLS,1459424,N,Y,47.7346473,-122.1914702
PAST SALE,January-7-2020,Mobile/Manufactured Home,23825 15th Ave SE #9,Bothell,WA,98021,218500,3,1.75,Canyon Park,1152,,1995,27,190,,Sold,,,http://www.redfin.com/WA/Bothell/23825-15th-Ave-SE-98021/unit-9/home/2874448,NWMLS,1546827,N,Y,47.78206,-122.2098023
PAST SALE,,Condo/Co-op,19802 Meridian Pl W,Bothell,WA,98012,675280,,,,,,,,,,,,,http://www.redfin.com/WA/Bothell/19802-Meridian-Pl-W-98012/home/169425764,,,N,Y,47.8187085,-122.2332409
PAST SALE,December-9-2019,Townhouse,16125 Juanita Woodinville Way NE #2613,Bothell,WA,98011,410000,2,2.25,Bothell,1177,,1999,56,348,333,Sold,,,http://www.redfin.com/WA/Bothell/16125-Juanita-Woodinville-Way-NE-98011/unit-2613/home/65861,NWMLS,1538449,N,Y,47.7461684,-122.1851573
PAST SALE,December-18-2019,Condo/Co-op,15700 116th Ave NE #205,Bothell,WA,98011,440000,2,2.0,Norway Hill,1096,,2007,47,401,355,Sold,,,http://www.redfin.com/WA/Bothell/15700-116th-Ave-NE-98011/unit-205/home/12536754,NWMLS,1538049,N,Y,47.741817,-122.1850396
PAST SALE,January-24-2020,Single Family Residential,11002 NE 194th Dr,Bothell,WA,98011,1165000,6,3.5,North Creek,4312,10295,2017,10,270,70,Sold,,,http://www.redfin.com/WA/Bothell/11002-NE-194th-Dr-98011/home/59703603,NWMLS,1476720,N,Y,47.7691774,-122.1941869
PAST SALE,January-31-2020,Single Family Residential,18928 108th Ave NE,Bothell,WA,98011,1180000,5,3.5,Maywood Hills,4562,10552,2007,3,259,,Sold,,,http://www.redfin.com/WA/Bothell/18928-108th-Ave-NE-98011/home/12303120,NWMLS,1542908,N,Y,47.765484,-122.195861
PAST SALE,August-27-2019,Single Family Residential,12127 NE 173rd Dr,Bothell,WA,98011,870000,5,3.5,Woodinville,3235,3834,2014,160,269,75,Sold,,,http://www.redfin.com/WA/Bothell/12127-NE-173rd-Dr-98011/unit-15/home/69353812,NWMLS,1468609,N,Y,47.7540884,-122.1786204
PAST SALE,October-4-2019,Mobile/Manufactured Home,17018 118th Ct NE,Bothell,WA,98011,350000,2,1.75,Bothell,1536,6567,1979,122,228,150,Sold,,,http://www.redfin.com/WA/Bothell/17018-118th-Ct-NE-98011/home/55554378,NWMLS,1510526,N,Y,47.7514168,-122.1825594
PAST SALE,October-7-2019,Single Family Residential,16103 122nd Pl NE,Bothell,WA,98011,655000,4,2.5,Bothell,2050,9567,1978,119,320,,Sold,,,http://www.redfin.com/WA/Bothell/16103-122nd-Pl-NE-98011/home/454602,NWMLS,1513070,N,Y,47.7439498,-122.1768281
PAST SALE,November-21-2019,Single Family Residential,12132 NE 170th Pl,Bothell,WA,98011,795000,5,3.5,Bothell,2650,9679,1996,74,300,,Sold,,,http://www.redfin.com/WA/Bothell/12132-NE-170th-Pl-98011/home/456072,NWMLS,1501130,N,Y,47.7515316,-122.1782902
PAST SALE,September-25-2019,Single Family Residential,12864 NE 197th Pl,Woodinville,WA,98072,750000,4,2.5,Woodinville,2210,3656,2012,131,339,30,Sold,,,http://www.redfin.com/WA/Woodinville/12864-NE-197th-Pl-98072/home/22229919,NWMLS,1478481,N,Y,47.7708377,-122.1687492
PAST SALE,December-19-2019,Mobile/Manufactured Home,19155 130th Ave NE,Bothell,WA,98011,360000,3,1.75,Holly Hills,1080,4411,1996,46,333,,Sold,,,http://www.redfin.com/WA/Bothell/19155-130th-Ave-NE-98011/home/40477061,NWMLS,1538918,N,Y,47.7651139,-122.1673031
PAST SALE,September-17-2019,Condo/Co-op,17426 Bothell Way NE Unit A-108,Bothell,WA,98011,385000,2,1.75,Bothell,1464,,1999,139,263,622,Sold,,,http://www.redfin.com/WA/Bothell/17426-Bothell-Way-NE-98011/unit-A108/home/27468,NWMLS,1450735,N,Y,47.754585,-122.211544
PAST SALE,August-13-2019,Single Family Residential,18109 46th Dr SE,Bothell,WA,98012,725000,5,2.75,Bothell,2564,4709,2013,174,283,40,Sold,,,http://www.redfin.com/WA/Bothell/18109-46th-Dr-SE-98012/home/54808801,NWMLS,1488570,N,Y,47.8333841,-122.170499
PAST SALE,September-17-2019,Single Family Residential,1402 241st St SE,Bothell,WA,98021,869842,5,3.0,Bothell,3842,8276,1999,139,226,,Sold,,,http://www.redfin.com/WA/Bothell/1402-241st-St-SE-98021/home/2863913,NWMLS,1475865,N,Y,47.7794359,-122.2142995
PAST SALE,December-19-2019,Single Family Residential,21523 1st Ave W,Bothell,WA,98021,1025000,5,2.75,Bothell,3650,7200,2019,46,281,,Sold,,,http://www.redfin.com/WA/Bothell/21523-1st-Ave-W-98021/home/167093620,NWMLS,1474684,N,Y,47.802777,-122.2343292
PAST SALE,December-23-2019,Single Family Residential,16125 Valhalla Dr,Bothell,WA,98011,820000,5,3.0,Valhalla,2770,17997,1976,42,296,37,Sold,,,http://www.redfin.com/WA/Bothell/16125-Valhalla-Dr-98011/home/284628,NWMLS,1486020,N,Y,47.7446718,-122.2146174
PAST SALE,November-22-2019,Single Family Residential,3219 178th Pl SE,Bothell,WA,98012,725000,4,2.5,North Bothell,2565,3624,2015,73,283,68,Sold,,,http://www.redfin.com/WA/Bothell/3219-178th-Pl-SE-98012/unit-2/home/101872489,NWMLS,1529781,N,Y,47.8361835,-122.1887037
PAST SALE,,Single Family Residential,17210 105th Ave NE,Bothell,WA,98011,760000,4,2.5,,3410,14558,1989,,223,,,,,http://www.redfin.com/WA/Bothell/17210-105th-Ave-NE-98011/home/284409,,,N,Y,47.7524148,-122.2031899
PAST SALE,September-18-2019,Single Family Residential,22214 44th (Homesite North 10) Ave SE,Bothell,WA,98021,949900,5,4.0,Canyon Park,3260,4368,2019,138,291,102,Sold,,,http://www.redfin.com/WA/Bothell/22214-10th-Ave-SE-98021/home/167111295,NWMLS,1477529,N,Y,47.796236,-122.173745
PAST SALE,January-2-2020,Townhouse,9820 NE Riverbend Dr Unit D102,Bothell,WA,98011,490000,3,2.5,Bothell,1548,1548,1995,32,317,565,Sold,,,http://www.redfin.com/WA/Bothell/9820-Riverbend-Dr-98011/unit-D102/home/103957221,NWMLS,1458835,N,Y,47.7496434,-122.2108382
PAST SALE,November-26-2019,Single Family Residential,19003 25th Dr SE,Bothell,WA,98012,514900,3,2.5,North Bothell,1606,3343,2011,69,321,84,Sold,,,http://www.redfin.com/WA/Bothell/19003-25th-Dr-SE-98012/home/40604021,NWMLS,1527162,N,Y,47.8254571,-122.1988304
PAST SALE,November-6-2019,Townhouse,23626 5th (Lot #41) Ave SE Unit A,Bothell,WA,98021,693408,4,3.0,Canyon Park,2247,1000,2019,89,309,150,Sold,,,http://www.redfin.com/WA/Bothell/5th-Ave-SE-98021/unit-A/home/169426285,NWMLS,1425317,N,Y,47.785,-122.2399
PAST SALE,December-16-2019,Townhouse,611 237th (Lot #72) Pl SE Unit F,Bothell,WA,98021,650302,4,3.0,Canyon Park,2247,1000,2018,49,289,150,Sold,,,http://www.redfin.com/WA/Bothell/237th-Pl-SE-98021/unit-F/home/169426300,NWMLS,1429792,N,Y,47.780362,-122.22436
PAST SALE,December-2-2019,Single Family Residential,18228 42nd Dr SE,Bothell,WA,98012,797000,6,3.5,Bothell,3296,5227,2015,63,242,36,Sold,,,http://www.redfin.com/WA/Bothell/18228-42nd-Dr-SE-98012/home/109592860,NWMLS,1530009,N,Y,47.8319275,-122.1763873
PAST SALE,December-6-2019,Townhouse,10629 Ross Rd Unit B,Bothell,WA,98011,650000,3,2.5,Downtown Bothell,2325,71371,2011,59,280,307,Sold,,,http://www.redfin.com/WA/Bothell/10629-Ross-Rd-98011/unit-B/home/40259127,NWMLS,1514837,N,Y,47.762812,-122.197763
PAST SALE,December-2-2019,Single Family Residential,9235 NE 180th St,Bothell,WA,98011,490000,3,2.5,Bothell,1770,9751,1922,63,277,,Sold,,,http://www.redfin.com/WA/Bothell/9235-NE-180th-St-98011/home/286359,NWMLS,1509809,N,Y,47.7581775,-122.216516
PAST SALE,November-26-2019,Single Family Residential,18615 42nd Ave SE,Bothell,WA,98012,725000,5,3.0,Bothell,2876,3668,2016,69,252,,Sold,,,http://www.redfin.com/WA/Bothell/18615-42nd-Ave-SE-98012/home/145257556,NWMLS,1513102,N,Y,47.8285006,-122.1759453
PAST SALE,January-10-2020,Single Family Residential,19419 29th Ave SE,Bothell,WA,98012,429000,3,1.0,Bothell,936,11761,1967,24,458,,Sold,,,http://www.redfin.com/WA/Bothell/19419-29th-Ave-SE-98012/home/2750217,NWMLS,1543194,N,Y,47.8213501,-122.1937075
PAST SALE,September-12-2019,Single Family Residential,10612 NE 195th St,Bothell,WA,98011,800000,3,2.0,Maywood Hills,2530,8490,1964,144,316,,Sold,,,http://www.redfin.com/WA/Bothell/10612-NE-195th-St-98011/home/286213,NWMLS,1501294,N,Y,47.7690732,-122.1986952
PAST SALE,November-20-2019,Condo/Co-op,2009 196th St SE Unit F201,Bothell,WA,98021,350000,3,2.0,Bothell,1269,,2000,75,276,380,Sold,,,http://www.redfin.com/WA/Bothell/2009-196th-St-SE-98012/unit-F201/home/2884457,NWMLS,1534480,N,Y,47.8213595,-122.2049959
PAST SALE,December-4-2019,Single Family Residential,21519 1st Ave W,Bothell,WA,98021,999999,4,2.75,Bothell,3650,8276,2019,61,274,,Sold,,,http://www.redfin.com/WA/Bothell/21519-1st-Ave-W-98021/home/161409141,NWMLS,1500036,N,Y,47.8028056,-122.2343294
PAST SALE,December-3-2019,Single Family Residential,23613 23rd Ave W,Bothell,WA,98021,610000,3,2.25,Bothell,1764,35719,1996,62,346,,Sold,,,http://www.redfin.com/WA/Bothell/23613-23rd-Ave-W-98021/home/2657293,NWMLS,1530507,N,Y,47.7838552,-122.2636791
PAST SALE,,Single Family Residential,17106 39th Dr SE,Bothell,WA,98012,735135,3,2.5,,2560,4792,2013,,287,,,,,http://www.redfin.com/WA/Bothell/17106-39th-Dr-SE-98012/home/54808975,,,N,Y,47.8426148,-122.1795687
PAST SALE,January-21-2020,Condo/Co-op,3901 243rd Pl SE Unit O-304,Bothell,WA,98021,262500,1,1.0,Bothell,739,,1997,13,355,329,Sold,,,http://www.redfin.com/WA/Bothell/3901-243rd-Pl-SE-98021/unit-O304/home/11884597,NWMLS,1549310,N,Y,47.7771979,-122.1774966
PAST SALE,December-19-2019,Single Family Residential,4113 230th Pl SE,Bothell,WA,98021,769950,5,2.75,Bothell,2556,3604,2019,46,301,59,Sold,,,http://www.redfin.com/WA/Bothell/4113-230th-Pl-SE-98021/home/163765396,NWMLS,1445875,N,Y,47.788559817235,-122.17720130741
PAST SALE,November-27-2019,Single Family Residential,519 220th St SW,Bothell,WA,98021,590000,4,2.75,Queensborough,2234,7405,1972,68,264,,Sold,,,http://www.redfin.com/WA/Bothell/519-220th-St-SW-98021/home/2698040,NWMLS,1535310,N,Y,47.7988524,-122.2405316
PAST SALE,November-22-2019,Mobile/Manufactured Home,17313 Woodcrest Dr NE,Bothell,WA,98011,380000,3,2.0,Bothell,1968,9123,1979,73,193,150,Sold,,,http://www.redfin.com/WA/Bothell/17313-Woodcrest-Dr-NE-98011/home/55554421,NWMLS,1513180,N,Y,47.753797,-122.1839195
PAST SALE,,Mobile/Manufactured Home,19346 127th Ave NE,Bothell,WA,98011,200271,,,,,4784,,,,,,,,http://www.redfin.com/WA/Bothell/19346-127th-Ave-NE-98011/home/12298584,,,N,Y,47.7682481,-122.1719691
PAST SALE,November-7-2019,Mobile/Manufactured Home,1118 Park Cir,Bothell,WA,98021,389757,3,2.0,Wandering Creek,1512,5663,1996,88,258,122,Sold,,,http://www.redfin.com/WA/Bothell/1118-Park-Cir-98021/home/2776684,NWMLS,1502031,N,Y,47.7808838,-122.2485347
PAST SALE,November-19-2019,Single Family Residential,17933 27th Ave SE,Bothell,WA,98012,536000,3,2.5,Mill Creek,1707,3164,2008,76,314,73,Sold,,,http://www.redfin.com/WA/Bothell/17933-27th-Ave-SE-98012/home/21955034,NWMLS,1524831,N,Y,47.8348783,-122.196179
PAST SALE,,Mobile/Manufactured Home,12611 NE 199th St,Bothell,WA,98011,369000,,,,,4439,,,,,,,,http://www.redfin.com/WA/Bothell/12611-NE-199th-St-98011/home/17090479,,,N,Y,47.772024,-122.1725306
PAST SALE,January-31-2020,Townhouse,12113 NE 172nd Pl Unit J202,Bothell,WA,98011,500000,2,2.5,Kingsgate,1348,,1995,3,371,434,Sold,,,http://www.redfin.com/WA/Bothell/12113-NE-172nd-Pl-98011/unit-J202/home/20961,NWMLS,1491965,N,Y,47.7531271,-122.1791514
PAST SALE,August-27-2019,Condo/Co-op,18930 Bothell Everett Hwy Unit A202,Bothell,WA,98012,260000,2,1.0,Bothell,887,,1998,160,293,360,Sold,,,http://www.redfin.com/WA/Bothell/18930-Bothell-Everett-Hwy-98012/unit-A202/home/12104987,NWMLS,1480247,N,Y,47.8252115,-122.2098446
PAST SALE,January-15-2020,Single Family Residential,19715 Filbert Dr,Bothell,WA,98012,455000,3,2.0,Thrashers Corner,1488,12197,1966,19,306,,Sold,,,http://www.redfin.com/WA/Bothell/19715-Filbert-Dr-98012/home/2740498,NWMLS,1524441,N,Y,47.8190926,-122.2289952
PAST SALE,August-9-2019,Single Family Residential,1113 232nd Pl SW,Bothell,WA,98021,587000,3,2.25,Bothell,1596,6534,1986,178,368,9,Sold,,,http://www.redfin.com/WA/Bothell/1113-232nd-Pl-SW-98021/home/2810049,NWMLS,1478312,N,Y,47.7877418,-122.2481592
PAST SALE,November-20-2019,Townhouse,23704 5th (Lot #38) Ave SE Unit A,Bothell,WA,98021,685485,5,3.5,Bothell,2247,1,2019,75,305,,Sold,,,http://www.redfin.com/WA/Bothell/5th-Ave-SE-98021/unit-A/home/169426282,NWMLS,1403265,N,Y,47.785,-122.2399
PAST SALE,August-12-2019,Single Family Residential,3227 216th (lot 2) Pl SE,Bothell,WA,98021,1315730,5,5.25,Canyon Park,4522,9601,2018,175,291,51,Sold,,,http://www.redfin.com/WA/Bothell/3227-2nd-Pl-SE-98021/home/148504899,NWMLS,1394052,N,Y,47.801738,-122.188836
PAST SALE,August-13-2019,Single Family Residential,22507 37TH Ave SE,Bothell,WA,98021,750000,3,3.0,Canyon Park,2601,7405,2008,174,288,20,Sold,,,http://www.redfin.com/WA/Bothell/22507-37th-Ave-SE-98021/home/28640944,NWMLS,1433325,N,Y,47.7936554,-122.1837142
PAST SALE,August-16-2019,Single Family Residential,20903 33rd Ave SE,Bothell,WA,98021,750000,4,2.75,Canyon Firs,2700,8276,1987,171,278,,Sold,,,http://www.redfin.com/WA/Bothell/20903-33rd-Ave-SE-98021/home/2812439,NWMLS,1494226,N,Y,47.8083347,-122.1882406
PAST SALE,August-30-2019,Single Family Residential,3304 216th (lot 15) Pl SE,Bothell,WA,98021,1197990,6,4.25,Canyon Park,4078,9853,2018,157,294,51,Sold,,,http://www.redfin.com/WA/Bothell/3304-15th-Pl-SE-98021/home/146406909,NWMLS,1333892,N,Y,47.801363,-122.187306
PAST SALE,August-26-2019,Single Family Residential,21724 40th Ave SE,Bothell,WA,98021,846836,4,2.5,Canyon Park,3144,10890,2006,161,269,42,Sold,,,http://www.redfin.com/WA/Bothell/21724-40th-Ave-SE-98021/home/11881325,NWMLS,1463726,N,Y,47.8001156,-122.1792573
PAST SALE,September-9-2019,Single Family Residential,22213 44th (Homesite North 9) Ave SE,Bothell,WA,98021,944900,5,4.0,Canyon Park,3260,4380,2019,147,290,102,Sold,,,http://www.redfin.com/WA/Bothell/22213-44th-Homesite-North-9-DR-SE-98021/home/167111207,NWMLS,1463754,N,Y,47.796236,-122.173745
PAST SALE,January-14-2020,Single Family Residential,17015 42nd Dr SE,Bothell,WA,98012,692500,4,2.5,North Creek,2513,3049,2015,20,276,50,Sold,,,http://www.redfin.com/WA/Bothell/17015-42nd-Dr-SE-98012/home/77296366,NWMLS,1545926,N,Y,47.8429297,-122.1755296
PAST SALE,September-24-2019,Single Family Residential,3614 198th Pl SE,Bothell,WA,98012,722000,3,2.5,Bothell,2142,3485,2015,132,337,85,Sold,,,http://www.redfin.com/WA/Bothell/3614-198th-Pl-SE-98012/home/105199259,NWMLS,1504244,N,Y,47.8172933,-122.1840803
PAST SALE,October-10-2019,Single Family Residential,22209 44th (Homesite North 8) Ave SE,Bothell,WA,98021,800000,4,2.75,Canyon Park,2425,3178,2019,116,330,102,Sold,,,http://www.redfin.com/WA/Bothell/22209-8th-Ave-SE-98021/home/167132924,NWMLS,1520404,N,Y,47.796406,-122.173397
PAST SALE,November-8-2019,Single Family Residential,4420 213th Pl SE Unit GC 26,Bothell,WA,98021,785595,4,2.75,North Creek,2708,7835,2019,87,290,63,Sold,,,http://www.redfin.com/WA/Bothell/4420-213th-Pl-SE-98021/unit-GC-26/home/169593197,NWMLS,1514608,N,Y,47.803989,-122.1765924
PAST SALE,October-30-2019,Single Family Residential,20027 34th Ave SE,Bothell,WA,98012,610000,3,2.5,Thrashers Corner,1788,6970,1996,96,341,42,Sold,,,http://www.redfin.com/WA/Bothell/20027-34th-Ave-SE-98012/home/2851249,NWMLS,1526217,N,Y,47.8152389,-122.1863478
PAST SALE,October-31-2019,Single Family Residential,3315 198th Pl SE,Bothell,WA,98012,455000,3,1.0,North Bothell,1476,9583,1971,95,308,,Sold,,,http://www.redfin.com/WA/Bothell/3315-198th-Pl-SE-98012/home/2690313,NWMLS,1464394,N,Y,47.8176443,-122.1881272
PAST SALE,,Mobile/Manufactured Home,3421 206th Pl SE,Bothell,WA,98012,365000,,,,1418,7841,2012,,257,,,,,http://www.redfin.com/WA/Bothell/3421-206th-Pl-SE-98012/home/2660795,,,N,Y,47.8106904,-122.1866136
PAST SALE,October-10-2019,Single Family Residential,22409 44th (Homesite South 2) Dr SE,Bothell,WA,98021,795240,5,2.75,Canyon Park,2582,3800,2019,116,308,102,Sold,,,http://www.redfin.com/WA/Bothell/22409-44th-Dr-SE-98021/home/167133071,NWMLS,1481150,N,Y,47.794216,-122.1734847
PAST SALE,September-30-2019,Single Family Residential,4430 213th St SE Unit GC 6,Bothell,WA,98021,774995,4,2.75,North Creek,2708,4600,2019,126,286,63,Sold,,,http://www.redfin.com/WA/Bothell/4430-213th-St-SE-98021/home/167129560,NWMLS,1480331,N,Y,47.804809288680104,-122.17307664529169
PAST SALE,December-10-2019,Single Family Residential,22225 43rd (Homesite North 16) Dr SE,Bothell,WA,98021,816650,5,2.75,Canyon Park,2582,3541,2019,55,316,102,Sold,,,http://www.redfin.com/WA/Bothell/22225-Drive-SE-98021/home/167885372,NWMLS,1490820,N,Y,47.796035,-122.174847
PAST SALE,December-13-2019,Single Family Residential,22429 44th (Homesite South 7) Dr SE,Bothell,WA,98021,804000,5,2.75,Canyon Park,2582,4020,2019,52,311,102,Sold,,,http://www.redfin.com/WA/Bothell/22429-7th-Dr-SE-98021/home/169509167,NWMLS,1517476,N,Y,47.793938,-122.173678
PAST SALE,December-13-2019,Single Family Residential,4424 213th Pl SE Unit GC 27,Bothell,WA,98021,775000,4,2.75,North Creek,2708,4280,2019,52,286,63,Sold,,,http://www.redfin.com/WA/Bothell/4424-213th-Pl-SE-98021/unit-GC-27/home/169526544,NWMLS,1517910,N,Y,47.803989,-122.1765924
PAST SALE,December-16-2019,Single Family Residential,22207 43rd (Homesite North 13) Dr SE,Bothell,WA,98021,819900,4,2.75,Canyon Park,2425,3459,2019,49,338,102,Sold,,,http://www.redfin.com/WA/Bothell/22207-13th-Dr-SE-98021/home/167212607,NWMLS,1486913,N,Y,47.796406,-122.173397
PAST SALE,December-18-2019,Single Family Residential,4431 213th Pl SE Unit GC 7,Bothell,WA,98021,789995,4,2.5,North Creek,2410,4712,2019,47,328,66,Sold,,,http://www.redfin.com/WA/Bothell/4431-213th-Pl-SE-98021/unit-GC-7/home/169749149,NWMLS,1549124,N,Y,47.803989,-122.1765924
PAST SALE,November-14-2019,Single Family Residential,23919 30th Dr SE,Bothell,WA,98021,850000,4,2.5,Bothell,2816,8276,2000,81,302,35,Sold,,,http://www.redfin.com/WA/Bothell/23919-30th-Dr-SE-98021/home/2881863,NWMLS,1511579,N,Y,47.7814017,-122.1914601
PAST SALE,December-23-2019,Single Family Residential,21318 43rd Dr SE Unit GC 14,Bothell,WA,98021,825000,5,3.75,North Creek,3102,3853,2019,42,266,63,Sold,,,http://www.redfin.com/WA/Bothell/21318-43rd-Dr-SE-98021/unit-GC-14/home/169428922,NWMLS,1514579,N,Y,47.8034426,-122.174528
PAST SALE,January-21-2020,Single Family Residential,22206 32nd Ave SE,Bothell,WA,98021,980000,5,3.0,Canyon Park,3616,8276,2010,13,271,40,Sold,,,http://www.redfin.com/WA/Bothell/22206-32nd-Ave-SE-98021/home/28556550,NWMLS,1542276,N,Y,47.7966549,-122.1900335
PAST SALE,December-19-2019,Single Family Residential,22424 44th (Homesite South 9) Dr SE,Bothell,WA,98021,849900,5,3.5,Canyon Park,2710,3905,2019,46,314,102,Sold,,,http://www.redfin.com/WA/Bothell/22424-44th-Homesite-South-9-DR-SE-98021/home/167180263,NWMLS,1539754,N,Y,47.793938,-122.173678
PAST SALE,August-14-2019,Mobile/Manufactured Home,3333 228th Ave SE Unit E,Bothell,WA,98021,117500,4,1.5,Bothell,1700,,1968,173,69,,Sold,,,http://www.redfin.com/WA/Bothell/3333-228th-St-SE-98021/unit-E/home/2871918,NWMLS,1436842,N,Y,47.7928866,-122.1899089
PAST SALE,August-15-2019,Townhouse,20030 94th Ave NE,Bothell,WA,98011,690000,4,3.25,Canyon Park,2778,270885,2014,172,248,68,Sold,,,http://www.redfin.com/WA/Bothell/20030-94th-Ave-NE-98011/home/55680367,NWMLS,1477676,N,Y,47.7738195,-122.2152132
PAST SALE,August-9-2019,Single Family Residential,4016 220th St SE,Bothell,WA,98021,839000,4,2.5,Bothell,3032,6016,2006,178,277,42,Sold,,,http://www.redfin.com/WA/Bothell/4016-220th-St-SE-98021/home/11880319,NWMLS,1476321,N,Y,47.7978344,-122.1789351
PAST SALE,November-13-2019,Single Family Residential,4325 232nd Pl SE #12,Bothell,WA,98021,799990,4,2.5,Canyon Park,2566,4372,2019,82,312,113,Sold,,,http://www.redfin.com/WA/Bothell/4325-232nd-Pl-SE-98021/unit-12/home/169589797,NWMLS,1451537,N,Y,47.7869655,-122.1952112
PAST SALE,November-14-2019,Single Family Residential,1622 230th St SW,Bothell,WA,98021,856000,4,3.0,Bothell,3000,7405,2019,81,285,,Sold,,,http://www.redfin.com/WA/Bothell/1622-230th-St-SW-98021/home/161095501,NWMLS,1514273,N,Y,47.7897551,-122.2551631
PAST SALE,August-30-2019,Single Family Residential,23219 13th Ave SE #2,Bothell,WA,98021,1016498,5,2.75,Canyon Park,3112,9760,2019,157,327,83,Sold,,,http://www.redfin.com/WA/Bothell/23219-13th-Ave-SE-98021/unit-2/home/168847106,NWMLS,1443286,N,Y,47.7856867,-122.2154498
PAST SALE,September-4-2019,Mobile/Manufactured Home,23825 15th Ave SE #36,Bothell,WA,98021,129950,3,2.0,Canyon Park,1440,,1973,152,90,,Sold,,,http://www.redfin.com/WA/Bothell/23825-15th-Ave-SE-98021/unit-36/home/2874482,NWMLS,1501710,N,Y,47.78206,-122.2098023
PAST SALE,September-5-2019,Mobile/Manufactured Home,100 228th St SE Unit 18B,Bothell,WA,98021,9885,1,1.0,Bothell,510,,1968,151,19,,Sold,,,http://www.redfin.com/WA/Bothell/100-228th-St-SE-98021/unit-18B/home/2877487,NWMLS,1502793,N,Y,47.7908687,-122.2310834
PAST SALE,October-26-2019,Mobile/Manufactured Home,17138 117th Ct NE,Bothell,WA,98011,355000,3,2.0,Bothell,1512,5543,1985,100,235,150,Sold,,,http://www.redfin.com/WA/Bothell/17138-117th-Ct-NE-98011/home/55554368,NWMLS,1503470,N,Y,47.7526518,-122.1846404
PAST SALE,September-10-2019,Single Family Residential,1319 232nd Pl SW,Bothell,WA,98021,550000,3,1.75,Bothell,1460,6098,1985,146,377,4,Sold,,,http://www.redfin.com/WA/Bothell/1319-232nd-Pl-SW-98021/home/2806206,NWMLS,1496157,N,Y,47.7878249,-122.2513131
PAST SALE,September-19-2019,Townhouse,23627 5th (Lot #48) Ave SE,Bothell,WA,98021,607990,3,3.0,Canyon Park,1801,1000,2019,137,338,150,Sold,,,http://www.redfin.com/WA/Bothell/23627-48th-Ave-SE-98021/home/167173396,NWMLS,1485024,N,Y,47.781568,-122.225212
PAST SALE,September-19-2019,Single Family Residential,225 233rd Pl SE #1,Bothell,WA,98021,1300000,5,3.25,Bothell,3809,11761,2018,137,341,,Sold,,,http://www.redfin.com/WA/Bothell/225-233rd-Pl-SE-98021/unit-1/home/168696896,NWMLS,1508532,N,Y,47.7864988,-122.2283879
PAST SALE,September-17-2019,Single Family Residential,13 242nd (Lot 15) St SE,Bothell,WA,98021,1158880,5,3.25,Canyon Park,3978,10161,2019,139,291,92,Sold,,,http://www.redfin.com/WA/Bothell/13-242nd-St-SE-98021/home/160699020,NWMLS,1424669,N,Y,47.7792942,-122.2322803
PAST SALE,September-27-2019,Single Family Residential,1102 235th Pl SW,Bothell,WA,98021,622000,3,2.25,Bothell,1616,10890,1988,129,385,25,Sold,,,http://www.redfin.com/WA/Bothell/1102-235th-Pl-SW-98021/home/2810015,NWMLS,1505240,N,Y,47.7844029,-122.247718
PAST SALE,,Multi-Family (2-4 Unit),24314 Carter Rd,Bothell,WA,98021,555000,4,2.0,,1560,16553,1987,,356,,,,,http://www.redfin.com/WA/Bothell/24314-Carter-Rd-98021/home/2655225,,,N,Y,47.7781326,-122.254562
PAST SALE,October-21-2019,Single Family Residential,20042 94th Ave NE,Bothell,WA,98011,690000,4,3.25,Canyon Park,2778,3320,2014,105,248,55,Sold,,,http://www.redfin.com/WA/Bothell/20042-94th-Ave-NE-98011/home/56558195,NWMLS,1508953,N,Y,47.7741347,-122.2152621
PAST SALE,October-21-2019,Single Family Residential,4329 232nd Pl SE #13,Bothell,WA,98021,847328,5,2.75,Canyon Park,3029,4831,2019,105,280,113,Sold,,,http://www.redfin.com/WA/Bothell/4329-232nd-Pl-SE-98021/unit-13/home/169504206,NWMLS,1451540,N,Y,47.7869655,-122.1952112
PAST SALE,November-4-2019,Single Family Residential,23009 41st Dr SE,Bothell,WA,98021,884950,5,3.25,Bothell,3195,4350,2019,91,277,59,Sold,,,http://www.redfin.com/WA/Bothell/23009-41st-Dr-SE-98021/home/163765392,NWMLS,1445920,N,Y,47.789405182547,-122.177710505557
PAST SALE,November-4-2019,Single Family Residential,4403 232nd Pl SE #14,Bothell,WA,98021,861412,5,2.75,Canyon Park,3140,4830,2019,91,274,113,Sold,,,http://www.redfin.com/WA/Bothell/4403-232nd-Pl-SE-98021/unit-14/home/169593157,NWMLS,1451551,N,Y,47.7869655,-122.1952112
PAST SALE,,Single Family Residential,20040 95th Pl NE,Bothell,WA,98011,400000,5,1.75,,1630,9600,1966,,245,,,,,http://www.redfin.com/WA/Bothell/20040-95th-Pl-NE-98011/home/285765,,,N,Y,47.774142,-122.213391
PAST SALE,November-7-2019,Single Family Residential,2513 241st St SE,Bothell,WA,98021,690000,3,2.5,Canyon Park,1912,9583,1987,88,361,,Sold,,,http://www.redfin.com/WA/Bothell/2513-241st-St-SE-98021/home/2810073,NWMLS,1509217,N,Y,47.7793304,-122.198345
PAST SALE,October-31-2019,Mobile/Manufactured Home,23708 Locust Way Unit 34B,Bothell,WA,98021,62500,2,1.75,Kenmore,1116,,1977,95,56,,Sold,,,http://www.redfin.com/WA/Bothell/23708-Locust-Way-98021/unit-34B/home/2872972,NWMLS,1517346,N,Y,47.781956,-122.259177
PAST SALE,October-29-2019,Mobile/Manufactured Home,19147 130th Ave NE,Bothell,WA,98011,300000,2,2.0,Holly Hills,1300,3849,1970,97,231,25,Sold,,,http://www.redfin.com/WA/Bothell/19147-130th-Ave-NE-98011/home/17080387,NWMLS,1529461,N,Y,47.7648156,-122.1672971
PAST SALE,December-4-2019,Single Family Residential,21933 40th Ave SE,Bothell,WA,98021,824950,4,2.5,Canyon Park,3118,6534,2005,61,265,42,Sold,,,http://www.redfin.com/WA/Bothell/21933-40th-Ave-SE-98021/home/2915142,NWMLS,1520496,N,Y,47.798204,-122.1789197
PAST SALE,December-5-2019,Condo/Co-op,3908 243rd Pl SE Unit Q201,Bothell,WA,98021,291150,2,1.5,Bothell,871,701709,1997,60,334,375,Sold,,,http://www.redfin.com/WA/Bothell/3908-243rd-Pl-SE-98021/unit-Q201/home/11884613,NWMLS,1509353,N,Y,47.7771979,-122.1774966
PAST SALE,December-19-2019,Single Family Residential,22425 44th (Homesite South 6) Dr SE,Bothell,WA,98021,795000,4,2.75,Canyon Park,2425,3409,2019,46,328,102,Sold,,,http://www.redfin.com/WA/Bothell/22425-6th-Dr-SE-98021/home/167171163,NWMLS,1537939,N,Y,47.793938,-122.173678
PAST SALE,December-23-2019,Single Family Residential,4314 232nd Pl SE #8,Bothell,WA,98021,897595,5,2.75,Canyon Park,3029,4201,2019,42,296,113,Sold,,,http://www.redfin.com/WA/Bothell/4314-232nd-Pl-SE-98021/unit-8/home/169635784,NWMLS,1537644,N,Y,47.7869655,-122.1952112
PAST SALE,December-16-2019,Single Family Residential,22721 44th Dr SE,Bothell,WA,98021,615000,3,2.25,Canyon Park,2382,3920,2006,49,258,100,Sold,,,http://www.redfin.com/WA/Bothell/22721-44th-Dr-SE-98021/home/17087020,NWMLS,1526481,N,Y,47.7913077,-122.1733939
PAST SALE,,Single Family Residential,4328 232nd Pl SE,Bothell,WA,98021,813379,4,3.0,,2651,3974,2019,,307,,,,,http://www.redfin.com/WA/Bothell/4328-232nd-Pl-SE-98021/home/166852886,,,N,Y,47.7867255,-122.1741994
PAST SALE,December-26-2019,Single Family Residential,4321 232nd Pl SE #11,Bothell,WA,98021,799990,3,2.5,Canyon Park,2651,3830,2019,39,302,113,Sold,,,http://www.redfin.com/WA/Bothell/4321-232nd-Pl-SE-98021/unit-11/home/169439617,NWMLS,1451376,N,Y,47.7869655,-122.1952112
PAST SALE,December-27-2019,Single Family Residential,4320 232nd Pl SE #6,Bothell,WA,98021,799990,4,2.5,Canyon Park,2566,3427,2019,38,312,113,Sold,,,http://www.redfin.com/WA/Bothell/4320-232nd-Pl-SE-98021/unit-6/home/169439614,NWMLS,1519413,N,Y,47.7869655,-122.1952112
PAST SALE,December-27-2019,Single Family Residential,4313 232nd Pl SE #9,Bothell,WA,98021,853803,3,2.5,Canyon Park,2651,4105,2019,38,322,113,Sold,,,http://www.redfin.com/WA/Bothell/4313-232nd-Pl-SE-98021/unit-9/home/169633748,NWMLS,1537528,N,Y,47.7869655,-122.1952112
PAST SALE,September-30-2019,Single Family Residential,4407 232nd Pl SE #15,Bothell,WA,98021,862945,5,2.75,Canyon Park,3140,4829,2019,126,275,113,Sold,,,http://www.redfin.com/WA/Bothell/4407-232nd-Pl-SE-98021/home/165202851,NWMLS,1451556,N,Y,47.7869266,-122.1737395
PAST SALE,December-30-2019,Single Family Residential,4318 232nd Pl SE #7,Bothell,WA,98021,828568,3,2.5,Canyon Park,2651,4890,2019,35,313,113,Sold,,,http://www.redfin.com/WA/Bothell/4318-232nd-Pl-SE-98021/unit-7/home/169439615,NWMLS,1500284,N,Y,47.7869655,-122.1952112
PAST SALE,December-16-2019,Townhouse,508 237th (Lot #33) St SE Unit A,Bothell,WA,98021,688182,4,3.0,Canyon Park,2247,1000,2019,49,306,150,Sold,,,http://www.redfin.com/WA/Bothell/508-237th-St-SE-98021/unit-A/home/163311507,NWMLS,1443543,N,Y,47.7828996,-122.223239
PAST SALE,December-18-2019,Single Family Residential,22330 35th Dr SE,Bothell,WA,98021,730000,4,2.5,Bothell,2449,3920,2011,47,298,45,Sold,,,http://www.redfin.com/WA/Bothell/22330-35th-Dr-SE-98021/home/45390400,NWMLS,1539146,N,Y,47.7944596,-122.1862169
PAST SALE,November-12-2019,Single Family Residential,17126 94th (Home Site 25) Pl NE,Bothell,WA,98011,1380005,6,3.75,Bothell,4216,7194,2019,83,327,111,Sold,,,http://www.redfin.com/WA/Bothell/17126-94th-Home-Site-25-Pl-NE-98011/home/145340081,NWMLS,1275406,N,Y,47.752545,-122.215563
PAST SALE,November-18-2019,Single Family Residential,3421 164th Pl SE,Bothell,WA,98012,426000,3,2.5,Bothell,1682,2099,2012,77,253,100,Sold,,,http://www.redfin.com/WA/Bothell/3421-164th-Pl-SE-98012/home/45390308,NWMLS,1520251,N,Y,47.848453,-122.186132
